Irradiance,NO3,Temperature,pH,Biomass,O2 Gas,CO2 Gas,OD,Conductivity
151.6,244.5421563,21.35089684,8.075387001,0.15,9.58437668,897.2,6.690783,253.7584187
151.6,244.2675445,21.35089684,8.075387001,0.165,9.58437668,897.2,6.690783,253.7584187
117.05,243.7503934,21.35089684,8.076234818,0.177,9.58437668,897.2,6.690903,253.7584187
117.05,243.1966409,21.35089684,8.076234818,0.145,9.58437668,897.2,6.690903,253.7584187
131.15,242.6252566,21.34016991,8.074539185,0.158,9.58437668,897.2,6.690951,253.7584187
131.15,241.9225368,21.34016991,8.074539185,0.125,9.58437668,897.2,6.690951,253.7584187
127.57,241.2180519,21.34016991,8.073691368,0.129,9.58437668,897.2,6.690954,253.7584187
127.57,240.6301799,21.34016991,8.073691368,0.15,9.58437668,897.2,6.690954,253.7584187
134.85,240.1456401,21.34016991,8.072843552,0.131,9.58437668,897.2,6.691026,253.7584187
134.85,239.5943518,21.36162376,8.072843552,0.13,9.58437668,897.2,6.691026,253.7584187
162.7,238.9330732,21.36162376,8.071995735,0.143,9.58437668,897.2,6.691097,253.7584187
162.7,238.4847373,21.36162376,8.071995735,0.127,9.58437668,897.2,6.691097,253.8436314
123,237.884877,21.36162376,8.08132267,0.115,9.58437668,897.2,6.691098,253.8436314
123,237.3978142,21.36162376,8.08132267,0.129,9.58437668,894.1,6.691098,253.8436314
123.06,236.7029604,21.37234306,8.082170486,0.156,9.58437668,894.1,6.691172,253.8436314
123.06,236.1786453,21.37234306,8.082170486,0.167,9.58437668,894.1,6.691172,253.8436314
183.15,235.7196565,21.37234306,8.083018303,0.171,9.58437668,894.1,6.691209,253.8436314
183.15,235.1376719,21.79062462,8.083018303,0.178,9.58437668,894.1,6.691209,253.8436314
156.8,234.8155032,21.11494255,8.080474854,0.189,9.58437668,894.1,6.691236,253.8436314
156.8,234.5721118,21.11494255,8.080474854,0.159,9.58437668,894.1,6.691236,253.8436314
143.63,234.2686151,21.11494255,8.078778267,0.16,9.58437668,894.1,6.691322,253.8436314
143.63,233.9360928,21.11494255,8.078778267,0.164,9.58437668,894.1,6.691322,253.8436314
164.89,233.6896039,21.11494255,8.07793045,0.13,9.576470001,894.1,6.69143,253.6782185
164.89,233.2571913,21.10421562,8.07793045,0.133,9.576470001,894.1,6.69143,253.6782185
143.4,232.8178703,21.10421562,8.083866119,0.151,9.576470001,894.1,6.691443,253.6782185
143.4,232.5518132,21.10421562,8.083866119,0.143,9.576470001,894.1,6.691443,253.6782185
141.78,232.1611979,21.10421562,6.930592537,0.146,9.576470001,887.8,6.691456,253.6782185
141.78,231.7324045,21.10421562,6.930592537,0.127,9.576470001,887.8,6.691456,253.6782185
174.83,231.1933727,21.09349632,6.933811188,0.15,9.576470001,887.8,6.691562,253.6782185
174.83,230.7525525,21.09349632,6.933811188,0.132,9.576470001,887.8,6.691562,253.6782185
175.99,230.5177778,21.09349632,6.936386108,0.134,9.576470001,887.8,6.691618,253.6782185
175.99,230.1215765,21.09349632,6.936386108,0.156,9.576470001,887.8,6.691618,253.6782185
125.03,229.884031,21.09349632,6.938317776,0.159,9.576470001,887.8,6.691631,253.6782185
125.03,229.3286881,21.06131554,6.938317776,0.129,9.576470001,887.8,6.691631,253.5930058
147.1,228.876877,21.06131554,6.938961506,0.155,9.576470001,887.8,6.691703,253.5930058
147.1,228.3747971,21.06131554,6.938961506,0.126,9.576470001,887.8,6.691703,253.5930058
139.12,228.1228141,21.06131554,6.940248966,0.124,9.576470001,887.8,6.691808,253.5930058
139.12,227.7502891,21.06131554,6.940248966,0.153,9.576470001,887.8,6.691808,253.5930058
195.4,227.2954589,22.11237907,6.941536427,0.129,9.568069156,887.8,6.691873,253.5930058
195.4,226.97709,22.11237907,6.941536427,0.137,9.568069156,890.9,6.691873,253.5930058
162.36,226.67429,22.123106,6.943467617,0.333,9.568069156,890.9,6.6919,253.5930058
162.36,226.2611762,22.123106,6.943467617,0.333,9.568069156,890.9,6.6919,253.5930058
175.29,225.9021325,22.123106,6.946043015,0.333,9.568069156,890.9,6.692091,253.5930058
175.29,225.4988556,22.123106,6.946043015,0.333,9.568069156,890.9,6.692091,253.5930058
114.05,224.9751409,22.123106,6.947330475,0.333,9.568069156,890.9,6.692344,253.5128056
114.05,224.6362363,22.14455223,6.947330475,0.333,9.568069156,890.9,6.692344,253.5128056
99.95,224.3061658,22.14455223,6.948617935,0.333,9.58437668,890.9,6.69279,253.5128056
99.95,223.8825581,22.14455223,6.948617935,0.333,9.58437668,890.9,6.69279,253.5128056
97.76,223.5722858,22.14455223,6.949905396,0.333,9.58437668,890.9,6.692837,253.5128056
97.76,223.2530912,22.14455223,6.949905396,0.333,9.58437668,890.9,6.692837,253.5128056
113.93,222.9348935,22.16600609,6.950549126,0.173,9.58437668,890.9,6.693235,253.5128056
113.93,222.7096125,22.16600609,6.950549126,0.188,9.58437668,890.9,6.693235,253.5128056
109.2,222.4079863,22.16600609,6.951192856,0.215,9.58437668,881.5,6.693519,253.5128056
109.2,222.1287591,22.16600609,6.951192856,0.21,9.58437668,881.5,6.693519,253.5128056
105.73,221.9560773,22.16600609,6.952480316,0.22,9.58437668,881.5,6.693733,253.5128056
105.73,221.6245867,22.15527916,6.952480316,0.177,9.576470001,881.5,6.693733,253.4326054
116.25,221.3457463,22.15527916,6.953768253,0.18,9.576470001,881.5,6.694213,253.4326054
116.25,221.132476,21.49032402,6.953768253,0.186,9.576470001,881.5,6.694213,253.4326054
105.38,220.9195191,21.50104332,6.955699444,0.333,9.576470001,881.5,6.694426,253.4326054
105.38,220.5621711,21.50104332,6.955699444,0.333,9.576470001,881.5,6.694426,253.4326054
97.18,220.1650988,21.50104332,6.956986904,0.333,9.576470001,881.5,6.694518,253.4326054
97.18,219.7674299,21.50104332,6.956986904,0.333,9.576470001,881.5,6.694518,253.4326054
83.2,219.5278986,21.50104332,6.957630634,0.333,9.576470001,881.5,6.694821,253.4326054
83.2,219.1333471,21.51177025,6.957630634,0.333,9.576470001,881.5,6.694821,253.4326054
117.63,218.7238275,21.51177025,6.958918095,0.297,9.576470001,881.5,6.695131,253.4326054
117.63,218.3312249,21.51177025,6.958918095,0.224,9.576470001,884.8,6.695131,253.4326054
101.45,217.9296765,21.51177025,6.959561825,0.256,9.576470001,884.8,6.695372,253.3473927
101.45,217.422652,21.51177025,6.959561825,0.199,9.576470001,884.8,6.695372,253.3473927
112.89,217.1075788,21.52249718,6.960205555,0.204,9.576470001,884.8,6.695387,253.3473927
112.89,216.7249414,21.52249718,6.960205555,0.191,9.576470001,884.8,6.695387,253.3473927
100.88,216.3154902,21.52249718,6.960849762,0.212,9.568069156,884.8,6.695444,253.3473927
100.88,215.9296069,21.52249718,6.960849762,0.183,9.568069156,884.8,6.695444,253.3473927
104.46,215.5904103,21.52249718,6.962137222,0.333,9.568069156,884.8,6.695671,253.3473927
104.46,215.1369271,21.54395103,6.962137222,0.333,9.568069156,884.8,6.695671,253.3473927
87.94,214.8203455,21.56539726,6.962780952,0.333,9.568069156,884.8,6.696156,253.3473927
87.94,214.5227841,21.57612419,6.962780952,0.333,9.568069156,884.8,6.696156,253.3473927
104.57,214.157815,21.57612419,6.964068413,0.191,9.568069156,884.8,6.696404,253.3473927
104.57,213.8766442,21.57612419,6.964068413,0.265,9.568069156,884.8,6.696404,253.2671925
99.61,213.6909503,21.57612419,6.965355873,0.21,9.568069156,878.5,6.696576,253.2671925
99.61,213.0144575,21.57612419,6.965355873,0.208,9.568069156,878.5,6.696576,253.2671925
107.58,212.5517865,21.59757042,6.966643333,0.246,9.568069156,878.5,6.696598,253.2671925
107.58,212.1719949,21.59757042,6.966643333,0.264,9.568069156,878.5,6.696598,253.2671925
91.86,211.7607025,21.59757042,6.969862461,0.247,9.568069156,878.5,6.696818,253.2671925
91.86,211.0588722,21.59757042,6.969862461,0.263,9.568069156,878.5,6.696818,253.2671925
171.25,210.7329608,21.59757042,6.971793652,0.333,9.568069156,878.5,6.697267,253.2671925
171.25,209.8867691,21.22219658,6.971793652,0.333,9.568069156,878.5,6.697267,253.2671925
185,209.7534618,21.22219658,6.973081112,0.225,9.568069156,878.5,6.697481,253.2671925
185,209.3698954,21.22219658,6.973081112,0.234,9.568069156,878.5,6.697481,253.2671925
175.87,208.350252,21.22219658,6.974368572,0.224,9.568069156,878.5,6.697711,253.1819798
175.87,207.6805455,21.21146965,6.974368572,0.277,9.568069156,878.5,6.697711,253.1819798
159.58,207.0997775,21.21146965,6.975656033,0.229,9.568069156,878.5,6.698145,253.1819798
159.58,206.7447429,21.21146965,6.975656033,0.226,9.568069156,875.3,6.698145,253.1819798
148.02,206.0438299,21.21146965,6.97630024,0.245,9.568069156,875.3,6.698328,253.1819798
148.02,205.8016587,21.21146965,6.97630024,0.24,9.560162477,875.3,6.698328,253.1819798
150.45,205.0278024,21.23291588,6.97823143,0.267,9.560162477,875.3,6.69837,253.1819798
150.45,204.4599086,21.23291588,6.97823143,0.212,9.560162477,875.3,6.69837,253.1819798
132.54,204.0299156,21.23291588,6.97887516,0.25,9.560162477,875.3,6.698492,253.1819798
132.54,203.7423417,21.23291588,6.97887516,0.223,9.560162477,875.3,6.698492,253.1819798
145.94,203.0735982,21.23291588,6.97951889,0.235,9.560162477,875.3,6.698549,253.1819798
145.94,202.8159029,21.24364281,6.97951889,0.201,9.560162477,875.3,6.698549,253.1017796
129.19,202.4568855,21.24364281,6.980162621,0.243,9.560162477,875.3,6.69874,253.1017796
129.19,201.2148924,21.24364281,6.980162621,0.254,9.560162477,875.3,6.69874,253.1017796
136,200.3390949,21.24364281,6.980806351,0.333,9.560162477,875.3,6.698982,253.1017796
136,199.7605729,21.24364281,6.980806351,0.333,9.560162477,875.3,6.698982,253.1017796
180.38,198.9326183,21.25436974,6.981450081,0.333,9.560162477,872.2,6.699033,253.1017796
180.38,198.2849212,21.25436974,6.981450081,0.333,9.560162477,872.2,6.699033,253.1017796
137.74,197.2785078,21.25436974,6.982093811,0.333,9.560162477,872.2,6.699121,253.1017796
137.74,196.2339155,21.25436974,6.982093811,0.333,9.560162477,872.2,6.699121,253.1017796
155.42,195.6128839,21.25436974,6.983381271,0.333,9.560162477,872.2,6.699292,253.1017796
155.42,195.1541377,21.26509666,6.983381271,0.333,9.560162477,872.2,6.699292,253.1017796
187.19,194.5123789,21.26509666,6.984669209,0.335,9.560162477,872.2,6.699403,272.520251
187.19,194.2189543,21.26509666,6.984669209,0.321,9.560162477,872.2,6.699403,272.520251
155.65,193.6713652,21.26509666,6.985312939,0.365,9.560162477,872.2,6.699471,272.520251
155.65,193.4720138,21.26509666,6.985312939,0.344,9.560162477,872.2,6.699471,272.520251
133.23,192.9718697,22.19817924,6.986600399,0.323,9.560162477,872.2,6.699492,272.520251
133.23,192.4788108,22.19817924,6.986600399,0.285,9.560162477,872.2,6.699492,272.520251
161.08,191.9741308,22.19817924,6.987887859,0.305,9.560162477,872.2,6.699759,272.520251
161.08,191.7469874,22.20890617,6.987887859,0.291,9.560162477,869.2,6.699759,272.520251
135.31,191.4218496,22.20890617,6.98853159,0.299,9.560162477,869.2,6.699866,272.520251
135.31,191.0974339,22.20890617,6.98853159,0.35,9.560162477,869.2,6.699866,272.520251
170.21,190.9066578,22.20890617,6.98981905,0.363,9.560162477,869.2,6.7001,272.520251
170.21,190.4690294,22.20890617,6.98981905,0.347,9.560162477,869.2,6.7001,272.4350383
179.57,190.1537908,22.21962547,6.99110651,0.352,9.560162477,869.2,6.700104,272.4350383
179.57,189.7624519,22.21962547,6.99110651,0.379,9.560162477,869.2,6.700104,272.4350383
163.16,189.3874508,22.21962547,6.991750717,0.359,9.551761631,869.2,6.700119,272.4350383
163.16,189.0576919,22.21962547,6.991750717,0.378,9.551761631,869.2,6.700119,272.4350383
178.41,188.8253625,22.21962547,6.992394447,0.388,9.551761631,869.2,6.700149,272.4350383
178.41,188.453937,22.2303524,6.992394447,0.365,9.551761631,869.2,6.700149,272.4350383
147.33,188.1399996,22.2303524,6.993038177,0.398,9.551761631,869.2,6.700168,272.4350383
147.33,187.6893395,22.2303524,6.993038177,0.38,9.551761631,869.2,6.700168,272.4350383
95.68,187.3822659,22.2303524,6.993681908,0.37,9.551761631,859.6,6.700172,272.4350383
95.68,187.0959235,22.2303524,6.993681908,0.367,9.551761631,859.6,6.700172,272.4350383
112.66,186.7907417,22.44485283,6.994325638,0.388,9.551761631,859.6,6.700213,272.3548381
112.66,186.4365072,22.44485283,6.994325638,0.356,9.551761631,859.6,6.700213,272.3548381
103.3,186.1599243,22.44485283,6.994969368,0.365,9.551761631,859.6,6.700236,272.3548381
103.3,185.8346843,22.44485283,6.994969368,0.354,9.551761631,859.6,6.700236,272.3548381
115.78,185.4835406,22.44485283,6.996256828,0.384,9.551761631,859.6,6.700267,272.3548381
115.78,185.1710825,23.39938927,6.996256828,0.339,9.551761631,859.6,6.700267,272.3548381
91.98,184.8329732,23.39938927,6.997544289,0.373,9.551761631,859.6,6.700308,272.3548381
91.98,184.4803044,23.39938927,6.997544289,0.384,9.551761631,859.6,6.700308,272.3548381
98.68,183.9438921,23.39938927,6.998188019,0.325,9.551761631,859.6,6.700312,272.3548381
98.68,183.4382389,23.39938927,6.998188019,0.346,9.551761631,859.6,6.700312,272.3548381
102.49,183.0320352,23.4101162,6.998832226,0.395,9.551761631,859.6,6.700317,272.3548381
102.49,182.5895362,23.4101162,6.998832226,0.379,9.551761631,865.9,6.700317,272.2696254
100.99,182.1818789,23.4101162,7.000119686,0.361,9.551761631,865.9,6.700321,272.2696254
100.99,181.801204,23.4101162,7.000119686,0.321,9.551761631,865.9,6.700321,272.2696254
82.5,181.0377572,23.4101162,7.000763416,0.331,9.551761631,865.9,6.700502,272.2696254
82.5,179.6639984,23.38866234,7.000763416,0.372,9.551761631,865.9,6.700502,272.2696254
99.03,179.2938976,23.38866234,7.001407146,0.387,9.551761631,865.9,6.700577,272.2696254
99.03,178.4635627,23.38866234,7.001407146,0.368,9.551761631,865.9,6.700577,272.2696254
106.65,177.7239577,23.38866234,7.002050877,0.333,9.551761631,865.9,7.888323,272.2696254
106.65,177.2364324,23.38866234,7.002050877,0.333,9.551761631,865.9,7.888323,272.2696254
98.45,176.4938551,23.42084312,7.002694607,0.333,9.551761631,865.9,7.888427,272.2696254
98.45,176.0929911,23.42084312,7.002694607,0.333,9.551761631,865.9,7.888427,272.2696254
111.05,175.8101386,23.42084312,7.003338337,0.487,9.551761631,865.9,7.88854,272.1894252
111.05,175.4320501,23.42084312,7.003338337,0.52,9.543854953,865.9,7.88854,272.1894252
105.85,174.7548992,23.42084312,7.003982067,0.567,9.543854953,862.9,7.888661,272.1894252
105.85,174.2372386,23.43156242,7.003982067,0.513,9.543854953,862.9,7.888661,272.1894252
92.79,173.9180049,23.43156242,7.004625797,0.506,9.543854953,862.9,7.888734,272.1894252
92.79,173.0339494,23.43156242,7.004625797,0.53,9.543854953,862.9,7.888734,272.1894252
79.73,172.5509075,23.43156242,7.006557465,0.539,9.543854953,862.9,7.889024,272.1894252
79.73,172.2948483,23.43156242,7.006557465,0.57,9.543854953,862.9,7.889024,272.1894252
194.13804,171.7428395,23.44228935,7.007844925,0.561,9.543854953,862.9,7.88933,272.1894252
194.13804,171.4070306,23.44228935,7.007844925,0.584,9.543854953,862.9,7.88933,272.1894252
130.390214,170.9410722,23.44228935,7.008488655,0.486,9.543854953,862.9,7.889465,272.1894252
130.390214,170.4656464,23.44228935,7.008488655,0.461,9.543854953,862.9,7.889465,272.0240123
137.275333,168.8258725,23.44228935,7.009132385,0.496,9.543854953,862.9,7.88963,272.0240123
137.275333,167.2222997,23.45301628,7.009132385,0.512,9.543854953,862.9,7.88963,272.0240123
114.830194,166.6911563,23.45301628,7.007201195,0.493,9.543854953,862.9,7.889835,272.0240123
114.830194,165.7650466,23.45301628,7.007201195,0.523,9.543854953,737.5,7.889835,272.0240123
155.545316,165.0930844,23.45301628,7.005269527,0.555,9.543854953,737.5,7.890025,272.0240123
155.545316,164.8333044,23.45301628,7.005269527,0.585,9.543854953,737.5,7.890025,272.0240123
105.373517,164.1577914,23.47446251,7.010419846,0.572,9.543854953,737.5,7.890245,272.0240123
105.373517,163.6436618,23.47446251,7.010419846,0.499,9.543854953,737.5,7.890245,272.0240123
133.070635,162.8275909,23.47446251,7.011063576,0.478,9.543854953,737.5,7.890326,272.0240123
133.070635,162.0834818,23.47446251,7.011063576,0.534,9.543854953,737.5,7.890326,272.0240123
148.282884,161.8119613,23.47446251,7.011707306,0.537,9.543854953,737.5,7.890561,271.9438121
148.282884,161.4582782,23.46374321,7.011707306,0.484,9.543854953,737.5,7.890561,271.9438121
95.938205,161.122914,23.46374321,7.012351036,0.495,9.543854953,737.5,7.890892,271.9438121
95.938205,160.8111885,23.46374321,7.012351036,0.432,9.543854953,737.5,7.890892,271.9438121
169.930919,160.46012,23.46374321,7.15913105,0.463,9.543854953,737.5,7.891287,271.9438121
169.930919,160.1911841,23.46374321,7.15913105,0.503,9.543854953,737.5,7.891287,271.9438121
192.703866,159.8811619,23.48518944,7.16041851,0.5,9.543854953,734.5,7.891705,271.9438121
192.703866,159.5387967,23.48518944,7.16041851,0.552,9.543854953,734.5,7.891705,271.9438121
180.868497,159.1976263,23.48518944,7.161705971,0.509,9.543854953,734.5,7.892196,271.9438121
180.868497,158.8532388,23.48518944,7.161705971,0.471,9.543854953,734.5,7.892196,271.9438121
138.083761,158.4772186,23.48518944,7.162993431,0.483,9.535454107,734.5,7.892532,271.9438121
138.083761,158.1693655,23.49591637,7.162993431,0.512,9.535454107,734.5,7.892532,271.8585994
116.255937,157.9311155,23.49591637,7.164280891,0.541,9.535454107,734.5,7.892935,271.8585994
116.255937,157.5835165,23.49591637,7.164280891,0.566,9.535454107,734.5,7.892935,271.8585994
104.821088,157.3107418,23.49591637,7.164924622,0.542,9.535454107,734.5,7.893489,271.8585994
104.821088,157.1256522,23.49591637,7.164924622,0.539,9.535454107,734.5,7.893489,271.8585994
161.590006,156.7106242,23.5066433,7.165568352,0.494,9.535454107,734.5,7.893917,271.8585994
161.590006,156.4669717,23.5066433,7.165568352,0.477,9.535454107,734.5,7.893917,271.8585994
142.604727,156.1656534,23.5066433,7.166212082,0.333,9.535454107,734.5,7.894256,271.8585994
142.604727,155.8600983,23.5066433,7.166212082,0.667,9.535454107,740.8,7.894256,271.8585994
130.689405,155.6140252,23.5066433,7.166856289,0.667,9.535454107,740.8,7.89475,271.8585994
130.689405,155.3246825,21.69409752,7.166856289,0.667,9.535454107,740.8,7.89475,271.8585994
125.239416,155.1575884,21.72627068,7.167500019,0.667,9.535454107,740.8,7.895193,271.7783992
125.239416,154.7946359,21.72627068,7.167500019,0.667,9.535454107,740.8,7.895193,271.7783992
97.098273,154.5402075,21.72627068,7.168143749,0.667,9.535454107,740.8,7.895708,271.7783992
97.098273,154.2659981,21.72627068,7.168143749,0.667,9.535454107,740.8,7.895708,271.7783992
108.196232,153.8846529,21.72627068,7.168787479,0.667,9.535454107,740.8,7.896046,271.7783992
108.196232,153.6008441,21.7369976,7.168787479,0.667,9.535454107,740.8,7.896046,271.7783992
118.501517,153.2580785,21.7369976,7.16943121,0.667,9.535454107,740.8,7.896474,271.7783992
118.501517,152.7321688,21.7369976,7.16943121,0.667,9.535454107,740.8,7.896474,271.7783992
122.618155,152.3981931,21.7369976,7.17007494,0.667,9.535454107,740.8,7.896931,271.7783992
122.618155,152.1374058,21.7369976,7.17007494,0.667,9.535454107,740.8,7.896931,271.7783992
109.936011,151.8480041,21.74772453,7.17071867,0.667,9.535454107,731.3,7.897485,271.7783992
109.936011,151.5353445,21.74772453,7.17071867,0.667,9.535454107,731.3,7.897485,271.698199
116.690801,151.3441254,21.74772453,7.1713624,0.667,9.535454107,731.3,7.898003,271.698199
116.690801,150.9809215,21.74772453,7.1713624,0.667,9.535454107,731.3,7.898003,271.698199
115.439077,150.7526665,21.74772453,7.17264986,0.667,9.535454107,731.3,7.898494,271.698199
115.439077,150.5363271,21.75845146,7.17264986,0.667,9.535454107,731.3,7.898494,271.698199
163.833103,150.2707863,21.75845146,7.173293591,0.667,9.535454107,731.3,7.898958,271.698199
163.833103,150.0227702,20.98624229,7.173293591,0.667,9.535454107,731.3,7.898958,271.698199
109.982751,149.7780491,20.98624229,7.173937798,0.667,9.535454107,731.3,7.89943,271.698199
109.982751,149.4611387,20.95406914,7.173937798,0.667,9.527547429,731.3,7.89943,271.698199
132.495781,149.2251301,20.95406914,7.174581528,0.667,9.527547429,731.3,7.89976,271.698199
132.495781,148.8276374,20.95406914,7.174581528,0.667,9.527547429,731.3,7.89976,271.698199
119.875099,148.63292,20.95406914,7.175225258,0.667,9.527547429,731.3,7.899778,271.5327862
119.875099,148.3108975,20.95406914,7.175225258,0.667,9.527547429,743.8,7.899778,271.5327862
157.384944,148.2034211,20.97551537,7.175868988,0.667,9.527547429,743.8,7.899812,271.5327862
157.384944,148.0058665,20.97551537,7.175868988,0.667,9.527547429,743.8,7.899812,271.5327862
110.955205,147.7379021,20.97551537,7.176512718,0.667,9.527547429,743.8,7.899843,271.5327862
110.955205,147.4738411,20.97551537,7.176512718,0.667,9.527547429,743.8,7.899843,271.5327862
150.687603,147.2711641,20.97551537,7.177156448,0.667,9.527547429,743.8,7.899904,271.5327862
150.687603,146.9483871,20.96478844,7.177156448,0.667,9.527547429,743.8,7.899904,271.5327862
157.940083,146.7167602,20.96478844,7.177800179,0.667,9.527547429,743.8,7.899957,271.5327862
157.940083,146.4222416,20.96478844,7.177800179,0.667,9.527547429,743.8,7.899957,271.5327862
131.028995,146.0987596,20.96478844,7.179087639,0.667,9.527547429,743.8,7.900012,271.5327862
131.028995,145.8315451,20.96478844,7.179087639,0.667,9.527547429,743.8,7.900012,271.6129863
117.936428,145.5770276,20.94334221,7.179731369,0.667,9.527547429,743.8,7.900024,271.6129863
117.936428,145.1613585,20.94334221,7.179731369,0.667,9.527547429,743.8,7.900024,271.6129863
131.935073,144.8627354,22.29470634,7.180375099,0.822,9.527547429,746.9,7.900144,271.6129863
131.935073,144.5955892,22.29470634,7.180375099,0.88,9.527547429,746.9,7.900144,271.6129863
95.891783,144.283573,22.28397942,7.181018829,0.827,9.527547429,746.9,7.900258,271.6129863
95.891783,143.9864262,22.28397942,7.181018829,0.838,9.527547429,746.9,7.900258,271.6129863
159.665296,143.6950834,22.28397942,7.181663036,0.819,9.527547429,746.9,7.900443,271.6129863
159.665296,143.2264139,22.28397942,7.181663036,0.863,9.527547429,746.9,7.900443,271.6129863
124.739544,142.9256404,22.28397942,7.182950497,0.813,9.527547429,746.9,7.900445,271.6129863
124.739544,142.7107744,22.30542564,7.182950497,0.878,9.527547429,746.9,7.900445,271.6129863
163.568649,142.4154152,22.30542564,7.183594227,0.879,9.527547429,746.9,7.900451,271.4475735
163.568649,142.0349014,22.30542564,7.183594227,0.856,9.527547429,746.9,7.900451,271.4475735
190.261612,141.7115831,22.30542564,7.184237957,0.799,9.527547429,746.9,7.900606,271.4475735
190.261612,141.5017856,22.30542564,7.184237957,0.8,9.527547429,746.9,7.900606,271.4475735
158.502536,141.2246794,22.31615257,7.184881687,0.83,9.527547429,746.9,7.900671,271.4475735
158.502536,141.0006606,22.31615257,7.184881687,0.812,9.527547429,750.1,7.900671,271.4475735
150.926624,140.7131309,22.31615257,7.185525417,0.832,9.519146583,750.1,7.900718,271.4475735
150.926624,140.4694734,22.31615257,7.185525417,0.817,9.519146583,750.1,7.900718,271.4475735
155.442645,140.1990359,22.31615257,7.186169147,0.846,9.519146583,750.1,7.900759,271.4475735
155.442645,139.8406342,22.3268795,7.186169147,0.84,9.519146583,750.1,7.900759,271.4475735
153.525781,139.5409279,22.3268795,7.186812878,0.826,9.519146583,750.1,7.90085,271.4475735
153.525781,139.2284803,22.3268795,7.186812878,0.836,9.519146583,750.1,7.90085,271.3673733
155.561183,138.9783253,22.3268795,7.187456608,0.873,9.519146583,750.1,7.901192,271.3673733
155.561183,138.6474892,22.3268795,7.187456608,0.849,9.519146583,750.1,7.901192,271.3673733
145.678495,138.3541223,22.33760643,7.188100338,0.889,9.519146583,750.1,7.901457,271.3673733
145.678495,138.0659295,22.33760643,7.188100338,0.825,9.519146583,750.1,7.901457,271.3673733
93.613558,137.8235812,22.33760643,7.182306767,0.882,9.519146583,750.1,7.901701,271.3673733
93.613558,137.5593075,22.33760643,7.182306767,0.884,9.519146583,750.1,7.901701,271.3673733
182.213584,137.2275386,21.03986931,6.55527401,0.877,9.519146583,756.4,7.902091,271.3673733
182.213584,136.9136019,21.03986931,6.55527401,0.871,9.519146583,756.4,7.902091,271.3673733
167.425439,136.4834519,21.03986931,6.562999249,0.896,9.519146583,756.4,7.902412,271.3673733
167.425439,136.2116297,21.03986931,6.562999249,0.92,9.519146583,756.4,7.902412,271.3673733
98.022032,135.8861507,21.03986931,6.570724487,0.859,9.519146583,756.4,7.902752,271.2821606
98.022032,135.4811996,20.99696922,6.570724487,0.86,9.519146583,756.4,7.902752,271.2821606
98.354632,135.2705532,20.99696922,6.575874805,0.868,9.519146583,756.4,7.903034,271.2821606
98.354632,135.0609256,20.99696922,6.575874805,0.812,9.519146583,756.4,7.903034,271.2821606
119.448938,134.8816525,20.99696922,6.584243774,0.954,9.519146583,756.4,7.903348,271.2821606
119.448938,134.5910335,20.99696922,6.584243774,0.937,9.519146583,756.4,7.903348,271.2821606
97.136172,134.2284849,21.00769615,6.596475601,0.922,9.519146583,756.4,7.903668,271.2821606
97.136172,133.8015231,21.00769615,6.596475601,0.99,9.519146583,756.4,7.903668,271.2821606
109.403186,133.4296481,21.00769615,6.603556633,0.956,9.519146583,756.4,7.90396,271.2821606
109.403186,133.2355065,21.00769615,6.603556633,0.892,9.519146583,759.5,7.90396,271.2821606
95.216751,132.9575893,21.00769615,6.612569809,0.667,9.519146583,759.5,7.904261,271.2821606
95.216751,132.6783319,20.98624229,6.612569809,0.667,9.519146583,759.5,7.904261,271.2019604
135.081167,132.3380711,20.98624229,6.61643219,0.667,9.519146583,759.5,7.904515,271.2019604
135.081167,131.9294642,20.98624229,6.61643219,0.667,9.519146583,759.5,7.904515,271.2019604
176.775975,131.7106708,22.33760643,6.620938778,0.667,9.519146583,759.5,7.904628,271.2019604
176.775975,131.2921885,22.35905266,6.620938778,0.667,9.453916487,759.5,7.904628,271.2019604
175.745184,131.1013929,22.35905266,6.628020287,0.667,9.453916487,759.5,7.904701,271.2019604
175.745184,130.9120679,22.35905266,6.628020287,1,9.453916487,759.5,7.904701,271.2019604
117.594072,130.5874797,22.35905266,6.634458065,1,9.453916487,759.5,7.904801,271.2019604
117.594072,130.3299555,22.35905266,6.634458065,1,9.453916487,759.5,7.904801,271.2019604
180.291924,130.0934831,22.34833336,6.640251637,1.333,9.453916487,759.5,7.904853,271.2019604
180.291924,129.7004314,22.34833336,6.640251637,1,9.453916487,759.5,7.904853,271.2019604
166.825255,129.442451,22.34833336,6.646045685,1,9.453916487,762.5,7.904899,271.1217602
166.825255,129.2140682,22.34833336,6.646045685,1,9.453916487,762.5,7.904899,271.1217602
114.238424,128.8757328,22.34833336,6.651839733,1,9.453916487,762.5,7.904916,271.1217602
114.238424,128.6406846,22.36977959,6.651839733,1.333,9.453916487,762.5,7.904916,271.1217602
99.168688,128.3691911,22.36977959,6.655702114,1.333,9.453916487,762.5,7.904941,271.1217602
99.168688,127.946817,22.36977959,6.655702114,1,9.453916487,762.5,7.904941,271.1217602
192.970021,127.6086978,22.36977959,6.659564972,1,9.453916487,762.5,7.904972,271.1217602
192.970021,127.3823693,22.36977959,6.659564972,1,9.453916487,762.5,7.904972,271.1217602
159.435389,127.0797864,22.39123344,6.663427353,1,9.453916487,762.5,7.904989,271.1217602
159.435389,126.7597346,22.39123344,6.663427353,1,9.453916487,762.5,7.904989,271.1217602
103.850808,126.3936468,22.39123344,6.669221401,1,9.453916487,762.5,7.905073,271.1217602
103.850808,126.1930895,22.39123344,6.669221401,1,9.453916487,762.5,7.905073,271.0365475
141.534398,125.7569224,22.39123344,6.67630291,1,9.453916487,762.5,7.905258,271.0365475
141.534398,125.3811246,22.38050652,6.67630291,1,9.453916487,768.8,7.905258,271.0365475
171.741417,125.1175516,22.38050652,6.680165768,1.333,9.453916487,768.8,7.998781,271.0365475
171.741417,124.9125062,22.38050652,6.680165768,1.333,9.453916487,768.8,7.998781,271.0365475
143.769209,124.6708065,22.38050652,6.685959339,1.333,9.453916487,768.8,7.999036,271.0365475
143.769209,124.3091379,22.38050652,6.685959339,1.333,9.453916487,768.8,7.999036,271.0365475
98.523107,124.02409,22.40195274,6.691753387,1,9.453916487,768.8,7.999294,271.0365475
98.523107,123.7527905,22.40195274,6.691753387,1.333,9.453916487,768.8,7.999294,271.0365475
138.121873,123.4064594,22.40195274,6.696259975,1,9.453916487,768.8,7.999855,271.0365475
138.121873,123.1541955,22.40195274,6.696259975,1,9.453916487,768.8,7.999855,271.0365475
133.318008,122.7936065,22.40195274,6.699478626,1,9.453916487,768.8,8.000227,270.8711346
133.318008,122.4959384,22.41267967,6.699478626,1.333,9.453916487,768.8,8.000227,270.8711346
160.407919,122.2041247,22.41267967,6.702697754,1.333,9.446009808,768.8,8.000662,270.8711346
160.407919,121.8234398,22.41267967,6.702697754,1,9.446009808,768.8,8.000662,270.8711346
126.299829,121.5202474,22.41267967,6.708491325,1.333,9.446009808,765.8,8.00105,270.8711346
126.299829,121.1346626,22.41267967,6.708491325,1,9.446009808,765.8,8.00105,270.8711346
93.093313,120.9769877,22.4234066,6.713641644,1,9.446009808,765.8,8.00112,270.8711346
93.093313,120.770441,22.4234066,6.713641644,1,9.446009808,765.8,8.00112,270.8711346
122.466986,120.5262245,22.4234066,6.717504501,1,9.446009808,765.8,8.00132,270.8711346
122.466986,120.1448708,22.4234066,6.717504501,1,9.446009808,765.8,8.00132,270.8711346
117.528722,119.8744608,22.4234066,6.719435692,1.333,9.446009808,765.8,8.001528,270.8711346
117.528722,119.5812775,21.45814323,6.719435692,1.333,9.446009808,765.8,8.001528,270.9563473
148.802703,119.3456502,21.45814323,6.722654343,1.333,9.446009808,765.8,8.002139,270.9563473
148.802703,119.1089656,21.45814323,6.722654343,1.333,9.446009808,765.8,8.002139,270.9563473
164.444436,118.9577472,21.45814323,6.72587347,1.333,9.446009808,765.8,8.002535,270.9563473
164.444436,118.7245514,21.46887016,6.72587347,1.333,9.446009808,765.8,8.002535,270.9563473
115.515352,118.3015545,21.46887016,6.729092121,1.333,9.446009808,765.8,8.003565,270.9563473
115.515352,118.1153472,21.46887016,6.729092121,1,9.446009808,772.1,8.003565,270.9563473
167.21793,117.7170842,21.46887016,6.732954979,1,9.446009808,772.1,8.003705,270.9563473
167.21793,117.4703849,21.46887016,6.732954979,1.333,9.446009808,772.1,8.003705,270.9563473
138.240265,117.1915097,21.47959709,6.73617363,1.333,9.446009808,772.1,8.004449,270.9563473
138.240265,117.0136716,21.47959709,6.73617363,1,9.446009808,772.1,8.004449,270.9563473
121.008795,116.7845247,21.47959709,6.73874855,1.333,9.446009808,772.1,8.004859,270.7909344
121.008795,116.4441798,21.47959709,6.73874855,1,9.446009808,772.1,8.004859,270.7909344
113.117758,116.3119718,21.47959709,6.740036011,1,9.446009808,772.1,8.005514,270.7909344
113.117758,116.0907886,21.49032402,6.740036011,1.333,9.446009808,772.1,8.005514,270.7909344
97.396362,115.8793203,21.49032402,6.742611408,1,9.446009808,772.1,8.005584,270.7909344
97.396362,115.7034983,21.49032402,6.742611408,1,9.446009808,772.1,8.005584,270.7909344
190.74143,115.5432015,21.49032402,6.745830059,1,9.446009808,772.1,8.00682,270.7909344
190.74143,115.2105346,21.58685112,6.745830059,1.181,9.446009808,772.1,8.00682,270.7909344
115.519523,114.9560181,21.58685112,6.752267838,1.188,9.446009808,684.3,8.007378,270.7909344
115.519523,114.6005506,21.58685112,6.752267838,1.163,9.446009808,684.3,8.007378,270.7909344
179.042047,114.3344771,21.58685112,6.757418156,1.139,9.446009808,684.3,8.007961,270.7909344
179.042047,114.1610023,21.58685112,6.757418156,1.2,9.437608963,684.3,8.007961,270.7107342
146.084622,113.9301592,21.61902428,6.761924267,1.137,9.437608963,684.3,8.008448,270.7107342
146.084622,113.7773255,21.61902428,6.761924267,1.178,9.437608963,684.3,8.008448,270.7107342
93.300906,113.4000419,21.61902428,6.763855934,1.09,9.437608963,684.3,8.008891,270.7107342
93.300906,113.1854566,21.61902428,6.763855934,1.142,9.437608963,684.3,8.008891,270.7107342
152.328123,112.9216275,21.08276939,6.767074585,1.163,9.437608963,684.3,8.009034,270.7107342
152.328123,112.7048341,21.08276939,6.767074585,1.045,9.437608963,684.3,8.009034,270.7107342
175.701258,112.4080142,21.08276939,6.770293236,1.098,9.437608963,684.3,8.009186,270.7107342
175.701258,112.2076286,21.08276939,6.770293236,1.192,9.437608963,684.3,8.009186,270.7107342
101.55049,111.9578195,21.13639641,6.773512363,1.025,9.437608963,684.3,8.009804,270.7107342
101.55049,111.8729898,21.13639641,6.773512363,1.174,9.437608963,687.4,8.009804,270.7107342
167.760726,111.6478048,21.13639641,6.776087284,1.137,9.437608963,687.4,8.010045,270.6255215
167.760726,111.3214551,21.13639641,6.776087284,1.198,9.437608963,687.4,8.010045,270.6255215
100.251359,111.0978503,21.13639641,6.778018475,1.18,9.437608963,687.4,8.010841,270.6255215
100.251359,110.7659142,21.14711571,6.778018475,1.188,9.437608963,687.4,8.010841,270.6255215
150.108939,110.4524375,21.14711571,6.779950142,1.19,9.437608963,687.4,8.011284,270.6255215
150.108939,110.2383205,21.14711571,6.779950142,1.209,9.437608963,687.4,8.011284,270.6255215
97.762641,110.0691626,21.14711571,6.781237602,1.167,9.437608963,687.4,8.011462,270.6255215
97.762641,109.8708107,21.14711571,6.781237602,1.178,9.437608963,687.4,8.011462,270.6255215
143.044437,109.5482326,21.12566948,6.783168793,1.16,9.437608963,687.4,8.012061,270.6255215
143.044437,109.2850808,21.12566948,6.783168793,1.21,9.429702284,687.4,8.012061,270.6255215
109.951961,109.1312789,21.12566948,6.785099983,1.19,9.429702284,687.4,8.012641,270.6255215
109.951961,108.8026151,21.12566948,6.785099983,1.136,9.429702284,687.4,8.012641,270.5453213
177.213888,108.5739819,21.12566948,6.787675381,1.169,9.429702284,690.6,8.012842,270.5453213
177.213888,108.2474639,21.15784264,6.787675381,1.14,9.429702284,690.6,8.012842,270.5453213
158.444369,108.0147251,21.15784264,6.790894032,1.102,9.429702284,690.6,8.013021,270.5453213
158.444369,107.7803254,21.15784264,6.790894032,1.105,9.429702284,690.6,8.013021,270.5453213
148.88679,107.5961636,21.15784264,6.793469429,1.121,9.429702284,690.6,8.013516,270.5453213
148.88679,107.3237702,21.15784264,6.793469429,1.19,9.421301438,690.6,8.013516,270.5453213
95.151143,107.0984142,21.16856956,6.79540062,1.025,9.421301438,690.6,8.014267,270.5453213
95.151143,106.8673916,21.16856956,6.79540062,1.189,9.421301438,690.6,8.014267,270.5453213
117.950728,106.6879266,23.73187065,6.79668808,1.224,9.421301438,690.6,8.01464,270.5453213
117.950728,106.4263158,23.71041679,6.79668808,1.229,9.421301438,690.6,8.01464,270.5453213
100.219159,106.2416291,23.71041679,6.79797554,1.08,9.421301438,690.6,8.014966,270.4601086
100.219159,105.9760486,23.71041679,6.79797554,1.027,9.421301438,690.6,8.014966,270.4601086
130.779556,105.7123891,23.71041679,6.799263,1.129,9.421301438,690.6,8.015628,270.4601086
130.779556,105.4250068,23.71041679,6.799263,1.333,9.421301438,681.3,8.015628,270.4601086
116.926378,105.2767836,23.72114372,6.799906731,1.333,9.421301438,681.3,8.015827,270.4601086
116.926378,104.9581286,23.72114372,6.799906731,1,9.421301438,681.3,8.015827,270.4601086
100.532452,104.7988063,23.72114372,6.800550461,1,9.421301438,681.3,8.016097,270.4601086
100.532452,104.5460014,23.72114372,6.800550461,1.333,9.421301438,681.3,8.016097,270.4601086
191.329145,104.3816438,23.72114372,6.79733181,1.333,9.421301438,681.3,8.016287,270.4601086
191.329145,104.2286984,23.74258995,6.79733181,1.333,9.421301438,681.3,8.016287,270.4601086
143.909172,104.0196455,23.74258995,6.794113159,1,9.421301438,681.3,8.016411,270.4601086
143.909172,103.8369337,23.74258995,6.794113159,1,9.421301438,681.3,8.016411,270.3799084
109.93797,103.6704989,21.54395103,6.794756889,1,9.421301438,681.3,8.016473,270.3799084
109.93797,103.2892313,21.54395103,6.794756889,1,9.429702284,681.3,8.016473,270.3799084
181.396539,103.0228894,21.54395103,6.79604435,1,9.429702284,681.3,8.016526,270.3799084
181.396539,102.8878179,21.54395103,6.79604435,1.333,9.429702284,681.3,8.016526,270.3799084
179.924316,102.6232621,21.53322411,6.79861927,1,9.429702284,678,8.016672,270.3799084
179.924316,102.369718,21.53322411,6.79861927,1.498,9.429702284,678,8.016672,270.3799084
180.585054,102.0986744,21.53322411,6.801838398,1.493,9.429702284,678,8.016722,270.3799084
180.585054,101.8429176,21.53322411,6.801838398,1.478,9.429702284,678,8.016722,270.3799084
194.134026,101.6404072,21.53322411,6.802482128,1.464,9.429702284,678,8.016888,270.3799084
194.134026,101.4562199,21.55467033,6.802482128,1.467,9.437608963,678,8.016888,270.3799084
169.073147,101.3108154,21.55467033,6.803125858,1.493,9.437608963,678,8.016924,270.2997082
169.073147,101.1055631,21.55467033,6.803125858,1.459,9.437608963,678,8.016924,270.2997082
177.077534,100.8239654,21.55467033,6.803769588,1.467,9.437608963,678,8.017118,270.2997082
177.077534,100.4670465,21.55467033,6.803769588,1.438,9.437608963,678,8.017118,270.2997082
169.069074,100.2802168,21.56539726,6.805057049,1.478,9.437608963,678,8.01726,270.2997082
169.069074,100.0078143,21.56539726,6.805057049,1.444,9.437608963,678,8.01726,270.2997082
185.10341,99.801257,21.56539726,6.806988239,1.452,9.437608963,678,8.017441,270.2997082
185.10341,99.55537771,21.56539726,6.806988239,1.468,9.437608963,693.7,8.017441,270.2997082
160.66265,99.32271524,21.66192436,6.806344509,1.449,9.437608963,693.7,8.017567,270.2997082
160.66265,99.17524618,21.66192436,6.806344509,1.444,9.437608963,693.7,8.017567,270.2997082
110.660748,98.92650506,21.66192436,6.805700779,1.473,9.429702284,693.7,8.017655,270.2997082
110.660748,98.587446,21.66192436,6.805700779,1.459,9.429702284,693.7,8.017655,270.2144955
123.140716,98.19226894,21.66192436,6.807631969,1.49,9.429702284,693.7,8.017657,270.2144955
123.140716,98.032052,21.67265129,6.807631969,1.488,9.429702284,693.7,8.017657,270.2144955
185.267796,97.81639418,21.67265129,6.809563637,1.333,9.429702284,693.7,8.017712,270.2144955
185.267796,97.59261676,21.67265129,6.809563637,1.333,9.429702284,693.7,8.017712,270.2144955
164.098859,97.44198318,21.67265129,6.810851097,1,9.429702284,693.7,8.017956,270.2144955
164.098859,97.22813912,21.67265129,6.810851097,1.333,9.429702284,693.7,8.017956,270.2144955
168.960474,96.96852988,21.68337059,6.812138557,1,9.429702284,693.7,8.018251,270.2144955
168.960474,96.77086353,21.68337059,6.812138557,1.333,9.429702284,693.7,8.018251,270.2144955
144.030082,96.64049594,21.68337059,6.814713478,1.333,9.429702284,675,8.018482,270.2144955
144.030082,96.41700759,21.16856956,6.814713478,1.333,9.429702284,675,8.018482,270.2144955
155.57841,96.235063,21.16856956,6.816000938,1,9.429702284,675,8.018564,270.1342953
155.57841,96.05718018,21.16856956,6.816000938,1,9.429702284,675,8.018564,270.1342953
142.055367,95.84975459,21.19001579,6.817288876,1.333,9.429702284,675,8.018583,270.1342953
142.055367,95.72075471,21.19001579,6.817288876,1.333,9.421301438,675,8.018583,270.1342953
101.293626,95.53109253,21.19001579,6.818576336,1.333,9.421301438,675,8.018594,270.1342953
101.293626,95.21687282,21.19001579,6.818576336,1.333,9.421301438,675,8.018594,270.1342953
173.815815,95.02023059,21.19001579,6.819220066,1,9.421301438,675,8.018629,270.1342953
173.815815,94.76381482,21.17929649,6.819220066,1,9.421301438,675,8.018629,270.1342953
116.57906,94.48566859,21.17929649,6.819863796,1.333,9.421301438,675,8.018683,270.1342953
116.57906,94.30499394,21.17929649,6.819863796,1,9.421301438,675,8.018683,270.1342953
135.873751,94.07005906,21.17929649,6.821151257,1,9.421301438,675,8.018723,270.1342953
135.873751,93.78051606,21.17929649,6.821151257,1.427,9.421301438,671.7,8.018723,270.0490826
154.378817,93.61010888,21.20074272,6.822438717,1.449,9.421301438,671.7,8.018813,270.0490826
154.378817,93.49204229,21.20074272,6.822438717,1.348,9.421301438,671.7,8.018813,270.0490826
96.541446,93.22998535,21.20074272,6.823082447,1.443,9.421301438,671.7,8.018858,270.0490826
96.541446,92.96323329,21.20074272,6.823082447,1.348,9.421301438,671.7,8.018858,270.0490826
194.332643,92.84523612,21.20074272,6.823726654,1.667,9.41339476,671.7,8.018921,270.0490826
194.332643,92.67379382,21.22219658,6.823726654,1.667,9.41339476,671.7,8.018921,270.0490826
185.000378,92.47154182,23.51736259,6.824370384,1.667,9.41339476,671.7,8.018937,270.0490826
185.000378,92.24496218,23.51736259,6.824370384,1.667,9.41339476,671.7,8.018937,270.0490826
110.127122,92.01745871,23.51736259,6.825014114,1.667,9.41339476,671.7,8.019069,270.0490826
110.127122,91.83379459,23.51736259,6.825014114,1.667,9.41339476,671.7,8.019069,270.0490826
124.628902,91.62561018,23.51736259,6.826301575,1.667,9.41339476,671.7,8.019081,269.9688824
124.628902,91.37508606,23.53881645,6.826301575,1.667,9.41339476,671.7,8.019081,269.9688824
121.128224,91.05336412,23.53881645,6.828876495,1.667,9.41339476,665.6,8.019114,269.9688824
121.128224,90.790654,23.53881645,6.828876495,1.667,9.41339476,665.6,8.019114,269.9688824
105.240048,90.62487924,23.53881645,6.830807686,1.667,9.41339476,665.6,8.019273,269.9688824
105.240048,90.40385318,23.53881645,6.830807686,1.667,9.41339476,665.6,8.019273,269.9688824
186.03339,90.17444012,23.52808952,6.832739353,1.667,9.41339476,665.6,8.019313,269.9688824
186.03339,89.95726694,23.52808952,6.832739353,1.667,9.41339476,665.6,8.019313,269.9688824
162.946911,89.79490694,23.52808952,6.835314274,1.667,9.41339476,665.6,8.019339,269.9688824
162.946911,89.48740071,23.52808952,6.835314274,1.667,9.41339476,665.6,8.019339,269.9688824
94.819683,89.37974671,23.52808952,6.837245464,1.667,9.41339476,665.6,7.926202,269.9688824
94.819683,89.13187576,23.56026268,6.837245464,1.667,9.41339476,665.6,7.926202,269.8836697
109.925195,89.01306212,23.56026268,6.840464592,1.505,9.41339476,665.6,7.926945,269.8836697
109.925195,88.86182382,23.56026268,6.840464592,1.504,9.41339476,665.6,7.926945,269.8836697
134.265246,88.68200318,23.56026268,6.841752052,1.541,9.41339476,665.6,7.927887,269.8836697
134.265246,88.51803229,23.56026268,6.841752052,1.536,9.41339476,668.7,7.927887,269.8836697
125.412392,88.36666335,23.54954338,6.842395782,1.553,9.404993914,668.7,7.928308,269.8836697
125.412392,88.21464682,23.54954338,6.842395782,1.549,9.404993914,668.7,7.928308,269.8836697
95.525936,87.98341841,23.54954338,6.843039513,1.57,9.404993914,668.7,7.928325,269.8836697
95.525936,87.80569882,23.54954338,6.843039513,1.588,9.358048012,668.7,7.928325,269.8836697
95.498205,87.56413441,23.54954338,6.843683243,1.514,9.358048012,668.7,7.928615,269.8836697
95.498205,87.39871988,23.57098961,6.843683243,1.521,9.358048012,668.7,7.928615,269.8836697
161.503293,87.25048476,23.57098961,6.844326973,1.528,9.358048012,668.7,7.928648,269.8034695
161.503293,87.07611235,23.57098961,6.844326973,1.516,9.358048012,668.7,7.928648,269.8034695
119.459241,86.90018735,23.57098961,6.844970703,1.539,9.358048012,668.7,7.92884,269.8034695
119.459241,86.73991388,23.57098961,6.844970703,1.51,9.358048012,668.7,7.92884,269.8034695
95.250091,86.57029771,23.58171654,6.845614433,1.507,9.358048012,668.7,7.929199,269.8034695
95.250091,86.39093753,23.58171654,6.845614433,1.523,9.358048012,668.7,7.929199,269.8034695
190.190516,86.16676729,23.58171654,6.846258163,1.593,9.358048012,662.4,7.929263,269.8034695
190.190516,85.93220847,23.58171654,6.846258163,1.532,9.358048012,662.4,7.929263,269.8034695
103.837088,85.715545,23.58171654,6.84690237,1.591,9.358048012,662.4,7.929272,269.8034695
103.837088,85.46713212,23.59244347,6.84690237,1.556,9.358048012,662.4,7.929272,269.8034695
103.711853,85.31196906,23.59244347,6.847546101,1.579,9.358048012,662.4,7.929557,269.8034695
103.711853,85.13290712,23.59244347,6.847546101,1.667,9.358048012,662.4,7.929557,272.109225
188.370481,85.02701971,23.59244347,6.848189831,1.667,9.358048012,662.4,7.929783,272.109225
188.370481,84.79865782,23.59244347,6.848189831,1.667,9.358048012,662.4,7.929783,272.109225
170.241811,84.60665206,23.62461662,6.848833561,1.667,9.358048012,662.4,7.929916,272.109225
170.241811,84.37298012,23.62461662,6.848833561,1.667,9.358048012,662.4,7.929916,272.109225
138.878012,84.27261771,23.62461662,6.850121021,1.667,9.404993914,662.4,7.929922,272.109225
138.878012,84.07423571,23.62461662,6.850121021,1.667,9.404993914,662.4,7.929922,272.109225
157.598572,83.89214818,23.62461662,6.850764751,1.667,9.404993914,662.4,7.930016,272.109225
157.598572,83.73167206,23.61388969,6.850764751,1.821,9.404993914,656.1,7.930016,272.109225
96.720586,83.55560165,23.61388969,6.852052212,1.875,9.404993914,656.1,7.930034,272.109225
96.720586,83.38325171,23.61388969,6.852052212,1.876,9.404993914,656.1,7.930034,272.109225
108.894094,83.25582747,23.61388969,6.852695942,1.86,9.404993914,656.1,7.930183,292.1191728
108.894094,82.95114547,23.61388969,6.852695942,1.837,9.404993914,656.1,7.930183,292.1191728
193.710006,82.74255306,23.63534355,6.853339672,1.9,9.404993914,656.1,7.930291,292.1191728
193.710006,82.628491,23.63534355,6.853339672,1.778,9.404993914,656.1,7.930291,292.1191728
164.596271,82.44369006,23.63534355,6.853983402,1.92,9.404993914,656.1,7.930294,292.1191728
164.596271,82.28565918,23.63534355,6.853983402,1.888,9.404993914,656.1,7.930294,292.1191728
93.964423,82.15736376,23.63534355,6.855271339,1.862,9.404993914,656.1,7.930355,292.1191728
93.964423,82.05498841,23.65678978,6.855271339,1.808,9.404993914,656.1,7.930355,292.1191728
155.497236,81.88603506,23.65678978,6.85720253,1.837,9.404993914,656.1,7.930378,292.1191728
155.497236,81.749584,23.65678978,6.85720253,1.819,9.41339476,656.1,7.930378,292.1191728
158.858674,81.53475782,23.68897057,6.85848999,1.889,9.41339476,659.3,7.930393,292.1191728
158.858674,81.34413053,23.68897057,6.85848999,1.867,9.41339476,659.3,7.930393,291.8685472
93.786806,81.17988671,23.68897057,6.85913372,1.822,9.41339476,659.3,7.930396,291.8685472
93.786806,81.06043312,23.68897057,6.85913372,1.812,9.41339476,659.3,7.930396,291.8685472
181.047577,80.88685406,23.68897057,7.895184994,1.865,9.41339476,659.3,7.930414,291.8685472
181.047577,80.69615224,21.28654289,7.895184994,1.858,9.41339476,659.3,7.930414,291.8685472
192.152455,80.56666453,21.28654289,7.897116184,1.869,9.41339476,659.3,7.930428,291.8685472
192.152455,80.35965235,21.28654289,7.897116184,1.88,9.41339476,659.3,7.930428,291.8685472
192.148848,80.212478,21.28654289,7.900979042,1.742,9.404993914,659.3,7.930441,291.8685472
192.148848,79.99311518,21.28654289,7.900979042,1.712,9.404993914,659.3,7.930441,291.8685472
93.096607,79.84860629,21.27582359,7.904197693,1.796,9.404993914,659.3,7.930498,291.8685472
93.096607,79.64053476,21.27582359,7.904197693,1.833,9.404993914,659.3,7.930498,291.8685472
185.282754,79.51610671,21.27582359,7.906128883,1.844,9.404993914,659.3,7.930685,291.7031343
185.282754,79.34021329,21.27582359,7.906128883,1.866,9.404993914,653,7.930685,291.7031343
141.053299,79.14726641,21.27582359,7.906772614,1.952,9.404993914,653,7.930751,291.7031343
141.053299,78.96166229,21.29726982,7.906772614,1.916,9.404993914,653,7.930751,291.7031343
98.447629,78.81214135,21.29726982,7.907416344,1.979,9.404993914,653,7.930811,291.7031343
98.447629,78.59186547,21.29726982,7.907416344,1.715,9.404993914,653,7.930811,291.7031343
110.262783,78.41223606,21.29726982,7.908060551,1.951,9.404993914,653,7.930822,291.7031343
110.262783,78.30821741,21.29726982,7.908060551,1.806,9.404993914,653,7.930822,291.7031343
169.447913,78.15516706,21.37234306,7.908704281,1.891,9.404993914,653,7.930839,291.7031343
169.447913,77.96506671,21.37234306,7.908704281,1.867,9.358048012,653,7.930839,291.7031343
133.27265,77.83447994,21.75845146,7.909348011,1.922,9.358048012,653,7.930981,291.7031343
133.27265,77.64297259,21.75845146,7.909348011,1.963,9.358048012,653,7.930981,291.5377214
148.378275,77.42252771,21.75845146,7.909991741,1.999,9.358048012,653,7.931036,291.5377214
148.378275,77.28802124,21.76917076,7.909991741,1.95,9.358048012,653,7.931036,291.5377214
98.198991,77.12739288,21.76917076,7.910635471,1.825,9.358048012,650,7.931068,291.5377214
98.198991,76.96682165,21.76917076,7.910635471,1.888,9.358048012,650,7.931068,291.5377214
191.189248,76.79446982,21.76917076,7.911279202,1.667,9.358048012,650,7.931131,291.5377214
191.189248,76.68769659,21.76917076,7.911279202,1.667,9.358048012,650,7.931131,291.5377214
188.264203,76.55437776,21.77989769,7.911922932,1.667,9.358048012,650,7.931325,291.5377214
188.264203,76.45051453,21.77989769,7.911922932,1.667,9.358048012,650,7.931325,291.5377214
146.851215,76.290883,21.77989769,7.912566662,1.667,9.358048012,650,7.931369,291.5377214
146.851215,76.01655488,21.77989769,7.912566662,1.875,9.350141333,650,7.931369,291.5377214
131.908418,75.87275124,21.77989769,7.913210392,1.975,9.350141333,650,7.931419,291.3723085
131.908418,75.69446353,21.79062462,7.913210392,1.667,9.350141333,650,7.931419,291.3723085
139.073172,75.54712941,21.79062462,7.913854122,1.667,9.350141333,650,7.931522,291.3723085
139.073172,75.27773894,21.79062462,7.913854122,1.667,9.350141333,650,7.931522,291.3723085
121.079332,75.05275871,21.79062462,7.914497852,1.667,9.350141333,650,7.931688,291.3723085
121.079332,74.85353953,22.05875206,7.914497852,1.667,9.350141333,646.8,7.931688,291.3723085
159.103279,74.72018476,22.05875206,7.905485153,1.667,9.350141333,646.8,7.931968,291.3723085
159.103279,74.59600847,22.05875206,7.905485153,1.615,9.350141333,646.8,7.931968,291.3723085
113.770734,74.50851724,22.05875206,7.902910233,1.667,9.350141333,646.8,7.932004,291.3723085
113.770734,74.41333212,22.09092522,7.902910233,1.667,9.350141333,646.8,7.932004,291.3723085
108.403847,74.27739918,22.09092522,7.898403645,1.667,9.350141333,646.8,7.932022,291.3723085
108.403847,74.09658818,22.09092522,7.898403645,1.667,9.350141333,646.8,7.932022,291.2921084
180.34107,73.92211412,22.09092522,7.896472454,1.575,9.350141333,646.8,7.932038,291.2921084
180.34107,73.71294724,22.09092522,7.896472454,1.887,9.350141333,646.8,7.932038,291.2921084
136.517525,73.60511529,22.11237907,7.893897533,1.961,9.350141333,646.8,7.932047,291.2921084
136.517525,73.35991229,22.11237907,7.893897533,1.982,9.350141333,646.8,7.932047,291.2921084
155.6519,73.23167006,22.11237907,7.891965866,1.953,9.350141333,646.8,7.93209,291.2921084
155.6519,73.13286029,23.66751671,7.891965866,1.788,9.350141333,646.8,7.93209,291.2921084
124.992706,73.02371912,23.66751671,7.890678406,1.641,9.350141333,643.7,7.932148,291.2921084
124.992706,72.84421306,23.66751671,7.890678406,1.871,9.350141333,643.7,7.932148,291.2921084
189.702647,72.72865441,23.66751671,7.889390945,1.745,9.350141333,643.7,7.932192,291.2921084
189.702647,72.51061659,23.66751671,7.889390945,1.525,9.350141333,643.7,7.932192,291.2921084
106.215579,72.29266182,23.69968987,7.888103485,1.81,9.350141333,643.7,7.932203,291.2068957
106.215579,72.13391853,23.69968987,7.888103485,1.948,9.350141333,643.7,7.932203,291.2068957
162.598342,71.98522294,23.69968987,7.886816025,1.948,9.350141333,643.7,7.932422,291.2068957
162.598342,71.84590771,23.69968987,7.886816025,1.81,9.350141333,643.7,7.932422,291.2068957
96.799385,71.64554259,23.69968987,7.885528564,1.741,9.350141333,643.7,7.932559,291.2068957
96.799385,71.45241047,23.73187065,7.885528564,1.916,9.350141333,643.7,7.932559,291.2068957
191.302449,71.34014512,23.73187065,7.884884834,2,9.350141333,643.7,7.932564,291.2068957
191.302449,71.15650024,23.73187065,7.884884834,2.333,9.350141333,643.7,7.932564,291.2068957
100.277123,71.02409812,23.73187065,7.884240627,2,9.341740487,643.7,7.932643,291.2068957
100.277123,70.90091071,23.65678978,7.884240627,2,9.341740487,640.5,7.932643,291.2068957
102.613627,70.78630229,23.65678978,7.883596897,2,9.341740487,640.5,7.932762,291.2068957
102.613627,70.60977371,23.64606285,7.883596897,2,9.341740487,640.5,7.932762,291.1266955
192.037417,70.50700553,23.64606285,7.882953167,2.333,9.341740487,640.5,7.932782,291.1266955
192.037417,70.35117241,23.64606285,7.882953167,2.333,9.341740487,640.5,7.932782,291.1266955
157.582751,70.15808029,23.64606285,7.882309437,2,9.341740487,640.5,7.932917,291.1266955
157.582751,70.05373724,23.64606285,7.882309437,2.333,9.341740487,640.5,7.932917,291.1266955
169.528864,69.84669512,23.67824364,7.881665707,2.333,9.341740487,640.5,7.933033,291.1266955
169.528864,69.71957665,23.67824364,7.881665707,2.333,9.341740487,640.5,7.933033,291.1266955
162.615555,69.57910382,23.67824364,7.881021976,2,9.341740487,640.5,7.93312,291.1266955
162.615555,69.42474953,23.67824364,7.881021976,2,9.341740487,640.5,7.93312,291.1266955
158.013385,69.21963518,23.67824364,7.879734516,2,9.341740487,640.5,7.933207,291.1266955
158.013385,69.03820029,21.41524315,7.879734516,2.333,9.341740487,640.5,7.933207,291.1266955
131.484149,68.90028271,21.41524315,7.878447056,2,9.341740487,637.4,7.933383,291.0414828
131.484149,68.78190306,21.43669701,7.878447056,2,9.341740487,637.4,7.933383,291.0414828
164.864384,68.61947541,21.43669701,7.877159595,2,9.341740487,637.4,7.933657,291.0414828
164.864384,68.46910318,21.43669701,7.877159595,2,9.341740487,637.4,7.933657,291.0414828
181.7618,68.39336935,21.43669701,7.875871658,2.206,9.341740487,637.4,7.933872,291.0414828
181.7618,68.19534435,21.43669701,7.875871658,2.132,9.341740487,637.4,7.933872,291.0414828
101.045707,68.09438153,21.44742393,7.874584198,2,9.341740487,637.4,7.933933,291.0414828
101.045707,67.85020253,21.44742393,7.874584198,2,9.341740487,637.4,7.933933,291.0414828
142.833881,67.67411482,21.44742393,7.873940468,2,9.341740487,637.4,7.934505,291.0414828
142.833881,67.57038247,21.44742393,7.873940468,2.333,9.341740487,637.4,7.934505,291.0414828
92.486919,67.49240894,21.44742393,7.873296738,2.333,9.341740487,637.4,7.934613,291.0414828
92.486919,67.34698894,21.42597008,7.873296738,2.333,9.341740487,637.4,7.934613,290.9612826
123.08838,67.20988212,21.42597008,7.872653008,2,9.341740487,637.4,7.934809,290.9612826
123.08838,67.07918382,21.42597008,7.872653008,2.333,9.341740487,634.2,7.934809,290.9612826
151.441274,66.98059588,21.42597008,7.872009277,2,9.341740487,634.2,7.935552,290.9612826
151.441274,66.85966359,21.42597008,7.872009277,2,9.341740487,634.2,7.935552,290.9612826
168.423253,66.75160124,21.45814323,7.870721817,2,9.341740487,634.2,7.93557,290.9612826
168.423253,66.54652271,21.68337059,7.870721817,2.39,9.333833809,634.2,7.93557,290.9612826
191.143091,66.26772482,21.68337059,7.870078087,2.403,9.333833809,634.2,7.935629,290.9612826
191.143091,66.10118965,21.70482445,7.870078087,2.016,9.333833809,634.2,7.935629,290.9612826
137.522022,65.91281494,21.70482445,7.869434357,2.005,9.333833809,634.2,7.936522,290.9612826
137.522022,65.78017065,21.70482445,7.869434357,2.068,9.333833809,634.2,7.936522,290.9612826
136.147808,65.62379929,21.70482445,7.86879015,2.033,9.333833809,634.2,7.936683,290.7958697
136.147808,65.46003835,21.70482445,7.86879015,2.09,9.333833809,634.2,7.936683,290.7958697
179.925592,65.30190606,21.71555138,7.866858959,2.015,9.333833809,634.2,7.936817,290.7958697
179.925592,65.18486118,21.71555138,7.866858959,2.19,9.333833809,634.2,7.936817,290.7958697
156.869658,65.01311694,21.71555138,7.865571499,2.116,9.333833809,631.1,7.936999,290.7958697
156.869658,64.84368035,21.71555138,7.865571499,2.057,9.333833809,631.1,7.936999,290.7958697
143.357201,64.62704418,21.71555138,7.864284039,2.196,9.333833809,631.1,7.532619,290.7958697
143.357201,64.48809371,21.69409752,7.864284039,2.194,9.333833809,631.1,7.532619,290.7958697
120.375471,64.399617,21.69409752,7.860421181,2.177,9.333833809,631.1,7.532633,290.7958697
120.375471,64.23987271,21.69409752,7.860421181,2.055,9.333833809,631.1,7.532633,290.7958697
133.422802,64.09580341,21.69409752,7.85784626,2.119,9.333833809,631.1,7.532644,290.7958697
133.422802,64.01203618,22.08020592,7.85784626,2.04,9.333833809,631.1,7.532644,290.8760699
94.938995,63.85419888,22.08020592,7.85591507,2.117,9.333833809,631.1,7.532645,290.8760699
94.938995,63.74261147,22.08020592,7.85591507,2.096,9.333833809,631.1,7.532645,290.8760699
112.838714,63.64264394,22.08020592,7.855271339,2.111,9.333833809,631.1,7.545251,290.8760699
112.838714,63.49264671,22.08020592,7.855271339,2.009,9.333833809,631.1,7.545251,290.8760699
124.595922,63.27866788,22.06947899,7.854627609,2.062,9.333833809,631.1,7.545936,290.8760699
124.595922,63.13596759,22.06947899,7.854627609,2.161,9.333833809,624.8,7.545936,290.8760699
118.325072,63.00009935,22.06947899,7.853983402,2.002,9.333833809,624.8,7.547308,290.8760699
118.325072,62.82288859,22.06947899,7.853983402,2.144,9.333833809,624.8,7.547308,290.8760699
131.173247,62.62021912,22.06947899,7.853339672,2.089,9.333833809,624.8,7.548334,290.8760699
131.173247,62.46189688,22.10165215,7.853339672,2.053,9.333833809,624.8,7.548334,290.8760699
115.059584,62.36607694,22.10165215,7.852695942,2.057,9.333833809,624.8,7.548672,290.710657
115.059584,62.24582618,22.10165215,7.852695942,2.099,9.333833809,624.8,7.548672,290.710657
154.078217,62.09543106,22.10165215,7.852052212,2.134,9.333833809,624.8,7.549212,290.710657
154.078217,61.86069276,22.10165215,7.852052212,2.116,9.333833809,624.8,7.549212,290.710657
143.284979,61.65747847,22.05875206,7.851408482,2.13,9.325432963,624.8,7.549483,290.710657
143.284979,61.52767994,23.74258995,7.851408482,2.011,9.325432963,624.8,7.549483,290.710657
185.992504,61.39826518,23.74258995,7.850121021,2.112,9.325432963,624.8,7.549644,290.710657
185.992504,61.26329606,23.75331688,7.850121021,2.121,9.325432963,624.8,7.549644,290.710657
160.638588,61.14845235,23.75331688,7.849477291,2.119,9.325432963,628.1,7.549698,290.710657
160.638588,61.06857482,23.75331688,7.849477291,2.145,9.325432963,628.1,7.549698,290.710657
193.978477,60.93408529,23.75331688,7.848189831,2.187,9.325432963,628.1,7.549821,290.710657
193.978477,60.78195506,23.75331688,7.848189831,2.069,9.325432963,628.1,7.549821,290.6304568
134.50746,60.66323918,23.77477074,7.847546101,2.09,9.325432963,628.1,7.549843,290.6304568
134.50746,60.56273935,23.77477074,7.847546101,2.071,9.325432963,628.1,7.549843,290.6304568
163.200067,60.44809365,23.77477074,7.846258163,2.182,9.325432963,628.1,7.549882,290.6304568
163.200067,60.20476647,23.77477074,7.846258163,2.333,9.325432963,628.1,7.549882,290.6304568
181.006729,60.00755494,23.77477074,7.845614433,2.333,9.325432963,628.1,7.549936,290.6304568
181.006729,59.85400212,23.76404381,7.845614433,2.333,9.325432963,628.1,7.549936,290.6304568
191.777937,59.76148382,23.76404381,7.844970703,2.333,9.325432963,628.1,7.550021,290.6304568
191.777937,59.59514706,23.76404381,7.844970703,2.333,9.325432963,628.1,7.550021,290.6304568
181.107252,59.45260124,23.76404381,7.844326973,2.333,9.325432963,628.1,7.550678,290.6304568
181.107252,59.29552594,23.76404381,7.844326973,2,9.325432963,621.8,7.550678,290.6304568
105.522994,59.19124518,23.79621696,7.843683243,2,9.325432963,621.8,7.55158,290.4650439
105.522994,59.07466735,23.79621696,7.843683243,2,9.325432963,621.8,7.55158,290.4650439
144.510277,58.81878853,23.79621696,7.843039513,2.476,9.325432963,621.8,7.552831,290.4650439
144.510277,58.605058,23.79621696,7.843039513,2.475,9.325432963,621.8,7.552831,290.4650439
93.52886,58.46523582,23.79621696,7.842395782,2.11,9.325432963,621.8,7.554326,290.4650439
93.52886,58.29690629,23.78549004,7.842395782,2.266,9.325432963,621.8,7.554326,290.4650439
116.596098,58.14007435,23.78549004,7.841752052,2.289,9.325432963,621.8,7.555635,290.4650439
116.596098,57.98386876,23.78549004,7.841752052,2.347,9.325432963,621.8,7.555635,290.4650439
93.850615,57.86389,23.78549004,7.841108322,2.196,9.309125439,621.8,7.557263,290.4650439
93.850615,57.74184047,23.78549004,7.841108322,2.285,9.309125439,621.8,7.557263,290.4650439
163.056421,57.62899394,23.80694389,7.840464592,2.35,9.309125439,621.8,7.558905,290.4650439
163.056421,57.53495471,23.80694389,7.840464592,2.208,9.309125439,621.8,7.558905,290.5502566
149.847275,57.42328588,23.80694389,7.839820862,2.182,9.309125439,618.5,7.559376,290.5502566
149.847275,57.27836429,21.30799675,7.839820862,2.19,9.309125439,618.5,7.559376,290.5502566
99.145657,57.12924282,21.30799675,7.839177132,2.268,9.309125439,618.5,7.559462,290.5502566
99.145657,57.05379747,21.30799675,7.839177132,2.37,9.309125439,618.5,7.559462,290.5502566
105.771617,56.98395888,21.30799675,7.838532925,2.255,9.309125439,618.5,7.55962,290.5502566
105.771617,56.86177053,21.30799675,7.838532925,2.2,9.309125439,618.5,7.55962,290.5502566
126.717426,56.76777676,21.32944298,7.837889194,2.118,9.309125439,618.5,7.559694,290.5502566
126.717426,56.68654682,21.32944298,7.837889194,2.167,9.309125439,618.5,7.559694,290.5502566
194.739202,56.56846612,21.32944298,7.837245464,2.15,9.309125439,618.5,7.559755,290.5502566
194.739202,56.40631288,21.32944298,7.837245464,2.266,9.309125439,618.5,7.559755,290.5502566
189.871061,56.26161671,21.32944298,7.836601734,2.377,9.309125439,618.5,7.559942,290.3848437
189.871061,56.16694312,21.31872368,7.836601734,2.244,9.309125439,618.5,7.559942,290.3848437
126.601588,56.02382706,21.31872368,7.835958004,2.29,9.309125439,618.5,7.56018,290.3848437
126.601588,55.82634871,21.31872368,7.835958004,2.258,9.309125439,615.5,7.56018,290.3848437
115.545185,55.69775435,21.31872368,7.841976166,2.383,9.309125439,510.2,7.560195,290.3848437
115.545185,55.49013288,21.31872368,7.841976166,2.272,9.309125439,510.2,7.560195,290.3848437
130.652712,55.28363065,21.35089684,7.839401245,2.281,9.309125439,510.2,7.560256,290.3848437
130.652712,55.15948059,21.62975121,7.839401245,2.302,9.309125439,510.2,7.560256,290.3848437
187.815162,55.02047688,21.62975121,7.836182594,2.29,9.309125439,510.2,7.560733,290.3848437
187.815162,54.88842365,21.62975121,7.836182594,2.285,9.309125439,510.2,7.560733,290.3848437
112.304699,54.75911194,21.62975121,7.832963467,2.266,9.309125439,510.2,7.56089,290.3848437
112.304699,54.660005,21.62975121,7.832963467,2.279,9.309125439,510.2,7.56089,294.1843278
160.287898,54.577977,21.65119743,7.830388546,2.23,9.309125439,510.2,7.561102,294.1843278
160.287898,54.46649541,21.65119743,7.830388546,2.215,9.309125439,510.2,7.561102,294.1843278
94.934931,54.23288376,21.65119743,7.826525688,2.224,9.309125439,510.2,7.561106,294.1843278
94.934931,54.13139,21.65119743,7.826525688,2.285,9.309125439,510.2,7.561106,294.1843278
136.690197,54.02816641,21.65119743,7.823307037,2.31,9.309125439,510.2,7.561135,294.1843278
136.690197,53.91970424,20.94334221,7.823307037,2.294,9.317526285,516.5,7.561135,294.1843278
161.763511,53.81086935,20.94334221,7.822019577,2.299,9.317526285,516.5,7.561415,294.1843278
161.763511,53.69711853,20.94334221,7.822019577,2.296,9.317526285,516.5,7.561415,294.1843278
134.317519,53.61584659,20.93261528,7.820732117,2.377,9.317526285,516.5,7.561459,294.1843278
134.317519,53.49478135,20.93261528,7.820732117,2.388,9.317526285,516.5,7.561459,294.1843278
130.26464,53.39740335,20.93261528,7.820088387,2.364,9.317526285,516.5,7.561474,294.0189149
130.26464,53.29855624,20.93261528,7.820088387,2.209,9.317526285,516.5,7.561474,294.0189149
186.489711,53.22578182,20.93261528,7.819444656,2.25,9.317526285,516.5,7.561492,294.0189149
186.489711,53.10651359,20.92188835,7.819444656,2.289,9.317526285,516.5,7.561492,294.0189149
190.796034,52.97765606,20.92188835,7.818800926,2.311,9.317526285,516.5,7.561517,294.0189149
190.796034,52.89691541,20.92188835,7.818800926,2.333,9.317526285,516.5,7.561517,294.0189149
175.216861,52.73080888,20.92188835,7.818156719,2,9.317526285,516.5,7.561542,294.0189149
175.216861,52.61643776,20.92188835,7.818156719,2.333,9.317526285,516.5,7.561542,294.0189149
101.36637,52.45017765,21.01841545,7.817512989,2.333,9.317526285,513.4,7.561853,294.0189149
101.36637,52.279989,21.01841545,7.817512989,2,9.317526285,513.4,7.561853,294.0189149
145.513032,52.10952947,21.01841545,7.821375847,2,9.317526285,513.4,7.561861,294.0189149
145.513032,52.01949753,21.01841545,7.821375847,2,9.317526285,513.4,7.561861,293.7682893
103.344459,51.91776106,21.01841545,7.825238228,2,9.317526285,513.4,7.561862,293.7682893
103.344459,51.78852547,22.15527916,7.825238228,2,9.317526285,513.4,7.561862,293.7682893
173.72269,51.61035135,22.15527916,7.827813148,2.307,9.317526285,513.4,7.562044,293.7682893
173.72269,51.51657353,22.15527916,7.827813148,2.232,9.317526285,513.4,7.562044,293.7682893
130.157595,51.39530376,22.17672539,7.832319736,2.284,9.317526285,513.4,7.562219,293.7682893
130.157595,51.30415524,22.17672539,7.832319736,2.3,9.317526285,513.4,7.562219,293.7682893
119.735654,51.20995947,22.17672539,7.834895134,2.389,9.317526285,513.4,7.562228,293.7682893
119.735654,51.09027365,22.17672539,7.834895134,2.295,9.317526285,513.4,7.562228,293.7682893
114.473806,50.98410612,22.17672539,7.837470055,2.254,9.317526285,513.4,7.562527,293.7682893
114.473806,50.87905918,22.18745232,7.837470055,2.333,9.317526285,519.7,7.562527,293.7682893
164.826684,50.75519959,22.18745232,7.841332436,2.327,9.317526285,519.7,7.562534,293.6078889
164.826684,50.66797094,22.18745232,7.841332436,2.499,9.317526285,519.7,7.562534,293.6078889
145.479155,50.53338071,22.18745232,7.842619896,2.376,9.317526285,519.7,7.562805,293.6078889
145.479155,50.39283676,22.18745232,7.842619896,2.312,9.317526285,519.7,7.562805,293.6078889
146.349472,50.310109,22.19817924,7.843907356,2.34,9.301218761,519.7,7.562962,293.6078889
146.349472,50.16893629,22.19817924,7.843907356,2.371,9.301218761,519.7,7.562962,293.6078889
119.403722,50.03475729,21.38306999,7.845839024,2.333,9.301218761,519.7,7.563096,293.6078889
119.403722,49.91423771,21.38306999,7.845839024,2.35,9.301218761,519.7,7.563096,293.6078889
147.903523,49.78934418,21.38306999,7.848413944,2.366,9.301218761,519.7,7.563129,293.6078889
147.903523,49.68804312,21.38306999,7.848413944,2.399,9.301218761,519.7,7.563129,293.6078889
100.196907,49.58546194,21.38306999,7.850989342,2.371,9.301218761,519.7,7.563228,293.6078889
100.196907,49.49246071,21.39379692,7.850989342,2.473,9.301218761,519.7,7.563228,293.5226762
107.896042,49.43486065,21.39379692,7.852920532,2.367,9.301218761,522.8,7.563312,293.5226762
107.896042,49.31121782,21.39379692,7.852920532,2.371,9.301218761,522.8,7.563312,293.5226762
150.883539,49.21186918,21.39379692,7.854851723,2.407,9.301218761,522.8,7.563396,293.5226762
150.883539,49.09700565,21.39379692,7.854851723,2.4,9.301218761,522.8,7.563396,293.5226762
132.196076,49.00317224,21.40452385,7.856782913,2.365,9.301218761,522.8,7.563488,293.5226762
132.196076,48.88788729,21.40452385,7.856782913,2.437,9.301218761,522.8,7.563488,293.5226762
177.829355,48.79556794,21.40452385,7.858070374,2.461,9.301218761,522.8,7.563528,293.5226762
177.829355,48.66706853,21.40452385,7.858070374,2.404,9.301218761,522.8,7.563528,293.5226762
191.075527,48.54696265,21.40452385,7.859358311,2.454,9.301218761,522.8,7.563583,293.5226762
191.075527,48.42399253,21.41524315,7.859358311,2.436,9.301218761,522.8,7.563583,293.5226762
139.05582,48.33837929,21.41524315,7.860645771,2.423,9.301218761,522.8,7.563584,293.3572633
139.05582,48.24275859,21.41524315,7.860645771,2.482,9.301218761,522.8,7.563584,293.3572633
164.818073,48.14823841,21.61902428,7.861289501,2.388,9.301218761,522.8,7.563703,293.3572633
164.818073,48.04677765,21.60829735,7.861289501,2.377,9.301218761,526,7.563703,293.3572633
94.050478,47.89820435,21.60829735,7.862576962,2.371,9.301218761,526,7.563718,293.3572633
94.050478,47.78463106,21.60829735,7.862576962,2.38,9.301218761,526,7.563718,293.3572633
157.364786,47.67059247,21.60829735,7.863220692,2.392,9.301218761,526,7.563719,293.3572633
157.364786,47.56722859,21.60829735,7.863220692,2.333,9.301218761,526,7.563719,293.3572633
109.482212,47.43065553,21.6404705,7.864508152,2.333,9.301218761,526,7.563739,293.3572633
109.482212,47.33767865,21.6404705,7.864508152,2.333,9.301218761,526,7.563739,293.3572633
133.880998,47.24855612,21.6404705,7.865796089,2.333,9.301218761,526,7.563791,293.3572633
133.880998,47.16724465,21.6404705,7.865796089,2.333,9.301218761,526,7.563791,293.1918504
154.105023,47.07174453,21.6404705,7.86837101,2.333,9.301218761,526,7.563833,293.1918504
154.105023,46.97182535,21.02914238,7.86837101,2,9.293312082,526,7.563833,293.1918504
183.571874,46.87877212,21.02914238,7.87094593,2,9.293312082,526,7.563851,293.1918504
183.571874,46.80367312,21.02914238,7.87094593,2,9.293312082,526,7.563851,293.1918504
155.524037,46.71797571,21.02914238,7.873520851,2,9.293312082,529.1,7.563924,293.1918504
155.524037,46.59368359,21.02914238,7.873520851,2.309,9.293312082,529.1,7.563924,293.1918504
133.956764,46.47598112,21.05059624,7.876096249,2.229,9.293312082,529.1,7.564005,293.1918504
133.956764,46.40022018,21.05059624,7.876096249,2.377,9.293312082,529.1,7.564005,293.1918504
101.722538,46.27049788,21.05059624,7.878671169,2.269,9.293312082,529.1,7.564114,293.1918504
101.722538,46.19982624,21.05059624,7.878671169,2.01,9.293312082,529.1,7.564114,293.1918504
137.895635,46.08138835,21.05059624,7.880602837,2.031,9.293312082,529.1,7.564268,293.1116502
137.895635,45.96489247,21.07204247,7.880602837,2.398,9.293312082,529.1,7.564268,293.1116502
168.143365,45.85609153,21.07204247,7.881890297,2.43,9.293312082,529.1,7.564363,293.1116502
168.143365,45.74809512,21.07204247,7.881890297,2.366,9.293312082,529.1,7.564363,293.1116502
117.724788,45.65989541,21.07204247,7.883177757,2.347,9.293312082,529.1,7.564477,293.1116502
117.724788,45.55435888,21.07204247,7.883177757,2.485,9.293312082,529.1,7.564477,293.1116502
154.595588,45.47073735,21.08276939,7.884465218,2.4,9.293312082,529.1,7.564659,293.1116502
154.595588,45.40658365,22.24107933,7.884465218,2.429,9.293312082,538.6,7.564659,293.1116502
174.596139,45.30514571,22.24107933,7.885108948,2.454,9.293312082,538.6,7.564771,293.1116502
174.596139,45.23292618,22.24107933,7.885108948,2.471,9.293312082,538.6,7.564771,293.1116502
125.429923,45.14238406,22.24107933,7.885752678,2.465,9.293312082,538.6,7.266685,293.1116502
125.429923,45.02896571,22.24107933,7.885752678,2.499,9.293312082,538.6,7.266685,293.0264375
163.484374,44.94725147,22.25180626,7.886396408,2.488,9.293312082,538.6,7.26693,293.0264375
163.484374,44.89483859,22.25180626,7.886396408,2.49,9.293312082,538.6,7.26693,293.0264375
155.425437,44.778583,22.25180626,7.887683868,2.445,9.293312082,538.6,7.266962,293.0264375
155.425437,44.67905247,22.25180626,7.887683868,2.499,9.293312082,538.6,7.266962,293.0264375
139.451751,44.61762812,22.25180626,7.888327599,2.499,9.284911237,538.6,7.267255,293.0264375
139.451751,44.55920841,22.26252556,7.888327599,2.476,9.284911237,538.6,7.267255,293.0264375
168.482601,44.41063329,22.26252556,7.890259266,2.45,9.284911237,538.6,7.267256,293.0264375
168.482601,44.32716053,22.26252556,7.890259266,2.489,9.284911237,538.6,7.267256,293.0264375
182.160291,44.21178035,22.26252556,7.891546726,2.477,9.284911237,544.9,7.267311,293.0264375
182.160291,44.10789924,22.26252556,7.891546726,2.455,9.284911237,544.9,7.267311,293.0264375
185.500983,44.01746571,22.27325249,7.892834187,2.433,9.284911237,544.9,7.267417,292.9462373
185.500983,43.97278335,22.27325249,7.892834187,2.461,9.284911237,544.9,7.267417,292.9462373
182.628273,43.90849165,22.27325249,7.894121647,2.333,9.284911237,544.9,7.267439,292.9462373
182.628273,43.76933935,22.27325249,7.894121647,2.333,9.284911237,544.9,7.267439,292.9462373
142.87224,43.737336,22.27325249,7.894765377,2.333,9.284911237,544.9,7.267477,292.9462373
142.87224,43.63652741,22.29470634,7.894765377,2.333,9.277004558,544.9,7.267477,292.9462373
179.316919,43.551318,22.29470634,7.896053314,2.333,9.277004558,544.9,7.267631,292.9462373
179.316919,43.48807188,22.29470634,7.896053314,2.333,9.277004558,544.9,7.267631,292.9462373
145.55959,43.39909718,23.80694389,7.896697044,2,9.277004558,544.9,7.267672,292.9462373
145.55959,43.32375153,23.80694389,7.896697044,2,9.277004558,544.9,7.267672,292.9462373
191.053568,43.27719641,23.81767082,7.897984505,2,9.277004558,544.9,7.267762,292.9462373
191.053568,43.20423112,23.81767082,7.897984505,2,9.277004558,548,7.267762,292.8610246
141.243495,43.10303806,23.81767082,7.898628235,2.308,9.277004558,548,7.267821,292.8610246
141.243495,43.02019929,23.81767082,7.898628235,2.177,9.277004558,548,7.267821,292.8610246
194.101419,42.96512729,23.81767082,7.899271965,2.359,9.277004558,548,7.267946,292.8610246
194.101419,42.86156588,23.82839012,7.899271965,2.109,9.277004558,548,7.267946,292.8610246
174.438019,42.78367724,23.82839012,7.899915695,2.189,9.277004558,548,7.267971,292.8610246
174.438019,42.699279,23.82839012,7.899915695,2.213,9.277004558,548,7.267971,292.8610246
133.416881,42.63919112,23.82839012,7.900559425,2.478,9.277004558,548,7.267997,292.8610246
133.416881,42.54586212,23.82839012,7.900559425,2.429,9.277004558,548,7.267997,292.8610246
105.790741,42.461834,23.84984398,7.901203156,2.405,9.293312082,548,7.268044,292.8610246
105.790741,42.37912435,23.84984398,7.901203156,2.496,9.293312082,548,7.268044,292.8610246
124.992509,42.32999429,23.84984398,7.901846886,2.499,9.293312082,548,7.268075,292.7808244
124.992509,42.27133282,23.84984398,7.901846886,2.333,9.293312082,548,7.268075,292.7808244
162.4535,42.17911006,23.84984398,7.902490616,2.333,9.293312082,551.2,7.268087,292.7808244
162.4535,42.07761676,23.83911705,7.902490616,2.333,9.293312082,551.2,7.268087,292.7808244
115.010658,42.01934741,23.83911705,7.903134346,2,9.284911237,551.2,7.268098,292.7808244
115.010658,41.94290135,23.83911705,7.903134346,2,9.284911237,551.2,7.268098,292.7808244
111.520783,41.87454712,23.83911705,7.903778076,2,9.284911237,551.2,7.268138,292.7808244
111.520783,41.74996847,23.83911705,7.903778076,2,9.284911237,551.2,7.268138,292.7808244
169.830404,41.67050841,23.86057091,7.904421806,2,9.284911237,551.2,7.26823,292.7808244
169.830404,41.60473482,23.86057091,7.904421806,2.333,9.284911237,551.2,7.26823,292.7808244
119.858933,41.49193935,23.86057091,7.905065536,2.442,9.284911237,551.2,7.268487,292.7808244
119.858933,41.40005094,23.86057091,7.905065536,2.315,9.284911237,551.2,7.268487,292.6956117
122.975163,41.29721347,23.86057091,7.905709743,2.332,9.284911237,551.2,7.268529,292.6956117
122.975163,41.22114129,23.87129021,7.905709743,2.343,9.284911237,551.2,7.268529,292.6956117
188.3347,41.18115018,23.87129021,7.906353474,2.487,9.284911237,551.2,7.268558,292.6956117
188.3347,41.10873694,23.87129021,7.906353474,2.174,9.284911237,554.2,7.268558,292.6956117
191.261164,41.069552,23.87129021,7.906997204,2.192,9.284911237,554.2,7.268563,292.6956117
191.261164,40.99142882,23.87129021,7.906997204,2.05,9.284911237,554.2,7.268563,292.6956117
189.912727,40.91118818,23.88201714,7.907640934,2.46,9.284911237,554.2,7.268574,292.6956117
189.912727,40.82590441,23.88201714,7.907640934,2.463,9.284911237,554.2,7.268574,292.6956117
194.984707,40.76008906,23.88201714,7.908928394,2.022,9.284911237,554.2,7.268689,292.6956117
194.984707,40.68957359,23.88201714,7.908928394,2.148,9.284911237,554.2,7.268689,292.6956117
102.632897,40.60240047,23.88201714,7.910216331,2.403,9.284911237,554.2,7.26885,292.6154115
102.632897,40.54427394,23.89274406,7.910216331,2.453,9.284911237,554.2,7.26885,292.6154115
114.753893,40.47718812,23.89274406,7.911503792,2.381,9.277004558,554.2,7.268949,292.6154115
114.753893,40.39480565,23.89274406,7.911503792,2.484,9.277004558,554.2,7.268949,292.6154115
132.842779,40.30223694,23.89274406,7.913434982,2.215,9.277004558,554.2,7.268987,292.6154115
132.842779,40.26088059,23.89274406,7.913434982,2.454,9.277004558,554.2,7.268987,292.6154115
136.103812,40.18556153,22.78806114,7.914722443,2.202,9.277004558,557.5,7.269029,292.6154115
136.103812,40.12239912,22.78806114,7.914722443,2.131,9.277004558,557.5,7.269029,292.6154115
182.599103,40.01327635,22.78806114,7.915366173,2.298,9.277004558,557.5,7.269224,292.6154115
182.599103,39.95281529,22.78806114,7.915366173,2.322,9.277004558,557.5,7.269224,292.6154115
110.459223,39.88374065,22.78806114,7.917297363,2.485,9.277004558,557.5,7.26926,292.6154115
110.459223,39.78564735,22.80950737,7.917297363,2.074,9.277004558,557.5,7.26926,292.4499986
135.261683,39.70974788,22.80950737,7.918584824,2.077,9.277004558,557.5,7.269384,292.4499986
135.261683,39.65571576,22.80950737,7.918584824,2.472,9.277004558,557.5,7.269384,292.4499986
136.401911,39.54033671,22.80950737,7.919872761,2.041,9.277004558,557.5,7.269437,292.4499986
136.401911,39.46574435,22.80950737,7.919872761,2.073,9.277004558,557.5,7.269437,292.4499986
106.057869,39.38037006,22.79878044,7.921160221,2.204,9.277004558,557.5,7.269646,292.4499986
106.057869,39.29980606,22.79878044,7.921160221,2.475,9.277004558,557.5,7.269646,292.4499986
151.128292,39.20650553,22.79878044,7.921803951,2.307,9.268603713,557.5,7.269659,292.4499986
151.128292,39.12649735,22.79878044,7.921803951,2.403,9.268603713,560.5,7.269659,292.4499986
149.03659,39.05630435,22.79878044,7.923091412,2.043,9.268603713,560.5,7.269721,292.4499986
149.03659,38.97832435,22.84168053,7.923091412,2.285,9.268603713,560.5,7.269721,292.4499986
114.924964,38.91209518,22.84168053,7.923735142,2.112,9.268603713,560.5,7.269736,292.5301988
114.924964,38.82219965,22.84168053,7.923735142,2.166,9.268603713,560.5,7.269736,292.5301988
154.972989,38.76320082,22.84168053,7.924378872,2.014,9.268603713,560.5,7.269819,292.5301988
154.972989,38.65487276,22.84168053,7.924378872,2.144,9.268603713,560.5,7.269819,292.5301988
135.838064,38.57745635,22.87386131,7.925022602,2.289,9.268603713,560.5,7.269876,292.5301988
135.838064,38.53242418,22.87386131,7.925022602,2.045,9.268603713,560.5,7.269876,292.5301988
125.70786,38.49430253,22.87386131,7.925666809,2.124,9.268603713,560.5,7.270007,292.5301988
125.70786,38.43616941,22.87386131,7.925666809,2.116,9.268603713,560.5,7.270007,292.5301988
128.989562,38.39190541,22.87386131,7.926954269,2.213,9.268603713,560.5,7.270187,292.5301988
128.989562,38.31014571,22.89530754,7.926954269,2.156,9.268603713,560.5,7.270187,292.5301988
120.653615,38.19450212,22.89530754,7.927598,2.491,9.268603713,563.6,7.270281,292.5301988
120.653615,38.06924341,22.89530754,7.927598,2.667,9.268603713,563.6,7.270281,292.3647859
160.893962,38.01039347,22.89530754,7.92888546,2.667,9.268603713,563.6,7.270303,292.3647859
160.893962,37.92876176,22.89530754,7.92888546,2.667,9.268603713,563.6,7.270303,292.3647859
115.53151,37.83151471,22.90603447,7.93017292,2.602,9.268603713,563.6,7.270562,292.3647859
115.53151,37.73670353,22.90603447,7.93017292,2.977,9.268603713,563.6,7.270562,292.3647859
186.93058,37.65245065,22.90603447,7.931460381,2.702,9.268603713,563.6,7.270567,292.3647859
186.93058,37.57396947,22.90603447,7.931460381,2.964,9.268603713,563.6,7.270567,292.3647859
191.831739,37.49309906,22.90603447,7.932747841,2.667,9.268603713,563.6,7.270617,292.3647859
191.831739,37.42345835,22.92748833,7.932747841,2.667,9.268603713,563.6,7.270617,292.3647859
113.895794,37.38467594,22.92748833,7.934035301,2.667,9.268603713,563.6,7.270625,292.3647859
113.895794,37.30303482,22.92748833,7.934035301,2.667,9.268603713,563.6,7.270625,292.3647859
108.783114,37.228217,22.92748833,7.935323238,2.693,9.268603713,563.6,7.270666,292.2845857
108.783114,37.18296582,22.92748833,7.935323238,2.539,9.268603713,532.3,7.270666,292.2845857
172.953976,37.10555394,22.93820763,8.814069748,2.667,9.268603713,532.3,7.270684,292.2845857
172.953976,36.99801747,22.93820763,8.814069748,2.667,9.268603713,532.3,7.270684,292.2845857
181.742918,36.91453,22.93820763,8.815357208,2.667,9.268603713,532.3,7.270783,292.2845857
181.742918,36.85013265,22.93820763,8.815357208,2.667,9.260697034,532.3,7.270783,292.2845857
109.059188,36.78975641,22.93820763,8.817288876,2.667,9.260697034,532.3,7.270832,292.2845857
109.059188,36.71040176,22.94893456,8.817288876,2.877,9.260697034,532.3,7.270832,292.2845857
155.245203,36.625991,22.94893456,8.819863796,2.803,9.260697034,532.3,7.270992,292.2845857
155.245203,36.56853541,22.94893456,8.819863796,2.741,9.260697034,532.3,7.270992,292.2845857
188.763746,36.49464935,22.94893456,8.822438717,2.857,9.260697034,532.3,7.271017,292.2845857
188.763746,36.42398106,22.94893456,8.822438717,2.541,9.260697034,532.3,7.271017,292.199373
136.283092,36.36858565,22.97038841,8.825014114,2.515,9.260697034,532.3,7.27105,292.199373
136.283092,36.28861971,22.97038841,8.825014114,2.504,9.260697034,532.3,7.27105,292.199373
96.447781,36.25207018,22.97038841,8.826945305,2.515,9.260697034,535.4,7.271052,292.199373
96.447781,36.17252171,22.97038841,8.826945305,2.539,9.260697034,535.4,7.271052,292.199373
156.96904,36.06103929,22.97038841,8.828232765,2.575,9.260697034,535.4,7.27107,292.199373
156.96904,35.98793471,22.99183464,8.828232765,2.506,9.260697034,535.4,7.27107,292.199373
106.544139,35.90667482,22.99183464,8.830163956,2.667,9.260697034,535.4,7.271134,292.199373
106.544139,35.83874647,22.99183464,8.830163956,2.667,9.260697034,535.4,7.271134,292.199373
172.410774,35.74977118,22.99183464,8.832739353,2.667,9.260697034,535.4,7.271153,292.199373
172.410774,35.70298512,22.99183464,8.832739353,2.667,9.260697034,535.4,7.271153,292.199373
195.297586,35.611204,23.00256157,8.835314274,2.501,9.260697034,535.4,7.271215,292.0339601
195.297586,35.541409,23.00256157,8.835314274,2.528,9.260697034,535.4,7.271215,292.0339601
185.742956,35.48184071,23.00256157,8.837245464,2.669,9.260697034,535.4,7.271231,292.0339601
185.742956,35.429497,23.00256157,8.837245464,2.846,9.252790356,535.4,7.271231,292.0339601
125.612693,35.37018788,23.00256157,8.840464592,2.521,9.252790356,535.4,7.2713,292.0339601
125.612693,35.32054765,23.0132885,8.840464592,2.637,9.252790356,541.7,7.2713,292.0339601
141.492778,35.28067424,23.0132885,8.848189831,2.5,9.252790356,541.7,7.271359,292.0339601
141.492778,35.20586141,23.0132885,8.848189831,2.501,9.252790356,541.7,7.271359,292.0339601
177.002483,35.14023524,23.0132885,8.852052212,2.556,9.236482832,541.7,7.271387,292.0339601
177.002483,35.08641535,23.0132885,8.852052212,2.582,9.236482832,541.7,7.271387,292.0339601
192.819318,35.03023094,23.0240078,8.855271339,2.535,9.236482832,541.7,7.271474,292.0339601
192.819318,34.91732165,23.0240078,8.855271339,2.5,9.236482832,541.7,7.271474,307.2419215
117.498852,34.85433112,23.0240078,8.85784626,2.546,9.236482832,541.7,7.271546,307.2419215
117.498852,34.79687653,23.0240078,8.85784626,2.589,9.236482832,541.7,7.271546,307.2419215
166.668266,34.72748806,23.0240078,8.861708641,2.6,9.236482832,541.7,7.271573,307.2419215
166.668266,34.64021018,23.04546165,8.861708641,2.571,9.236482832,541.7,7.271573,307.2419215
165.333838,34.60275806,23.04546165,8.865571499,2.561,9.236482832,541.7,7.271602,307.2419215
165.333838,34.55976624,23.04546165,8.865571499,2.637,9.236482832,541.7,7.271602,307.2419215
165.514439,34.49256953,23.04546165,8.86814642,2.616,9.236482832,453.5,7.271692,307.2419215
165.514439,34.435462,23.04546165,8.86814642,2.688,9.236482832,453.5,7.271692,307.2419215
141.633558,34.35749006,23.06690788,8.871365547,2.614,9.236482832,453.5,7.271745,307.2419215
141.633558,34.25212429,23.06690788,8.871365547,2.667,9.236482832,453.5,7.271745,307.2419215
93.397139,34.13483047,23.06690788,8.875227928,2.667,9.236482832,453.5,7.271923,306.6604701
93.397139,34.03115653,23.06690788,8.875227928,2.667,9.236482832,453.5,7.271923,306.6604701
149.444189,33.95427141,23.06690788,8.878447056,2.667,9.236482832,453.5,7.271947,306.6604701
149.444189,33.85610724,23.09908867,8.878447056,2.587,9.260697034,453.5,7.271947,306.6604701
156.794329,33.80549247,23.09908867,8.883596897,2.69,9.260697034,453.5,7.272007,306.6604701
156.794329,33.70740747,23.09908867,8.883596897,2.892,9.260697034,453.5,7.272007,306.6604701
107.234833,33.63880953,23.09908867,8.890678406,2.648,9.260697034,453.5,6.345674,306.6604701
107.234833,33.58780924,23.09908867,8.890678406,2.55,9.260697034,453.5,6.345674,306.6604701
183.616922,33.52710582,23.08836174,8.895184994,2.889,9.260697034,453.5,6.345738,306.6604701
183.616922,33.47881665,23.08836174,8.895184994,2.572,9.260697034,456.8,6.345738,306.6604701
107.559684,33.43287794,23.08836174,8.899047375,2.502,9.260697034,456.8,6.345786,306.6604701
107.559684,33.37819741,23.08836174,8.899047375,2.573,9.260697034,456.8,6.345786,302.6955731
114.440338,33.32966382,23.08836174,8.903553963,2.645,9.260697034,456.8,6.345835,302.6955731
114.440338,33.26813806,23.1205349,8.903553963,2.599,9.260697034,456.8,6.345835,302.6955731
179.763164,33.19805353,23.1205349,8.908704281,2.585,9.252790356,456.8,6.345887,302.6955731
179.763164,33.11618482,23.1205349,8.908704281,2.55,9.252790356,456.8,6.345887,302.6955731
109.26731,33.02140906,23.1205349,8.910635471,2.578,9.252790356,456.8,6.345931,302.6955731
109.26731,32.93299888,23.1205349,8.910635471,2.601,9.252790356,456.8,6.345931,302.6955731
168.354265,32.858156,23.13126183,8.914497852,2.597,9.252790356,456.8,6.345934,302.6955731
168.354265,32.78493741,23.13126183,8.914497852,2.719,9.252790356,456.8,6.345934,302.6955731
151.083392,32.73043565,23.13126183,8.91836071,2.6,9.252790356,456.8,6.345944,302.6955731
151.083392,32.63298212,23.13126183,8.91836071,2.588,9.252790356,456.8,6.345944,302.6955731
145.70256,32.54939059,23.13126183,8.920935631,2.612,9.252790356,450.5,6.345953,298.3146376
145.70256,32.51352353,23.15271568,8.920935631,2.623,9.252790356,450.5,6.345953,298.3146376
180.579933,32.42998271,23.15271568,8.926085949,2.533,9.252790356,450.5,6.345969,298.3146376
180.579933,32.35819694,23.15271568,8.926085949,2.644,9.236482832,450.5,6.345969,298.3146376
108.81055,32.25417924,23.15271568,8.931236267,2.556,9.236482832,450.5,6.346019,298.3146376
108.81055,32.17779276,23.15271568,8.931236267,2.535,9.236482832,450.5,6.346019,298.3146376
144.88277,32.12754276,23.17416191,9.515301704,2.517,9.236482832,450.5,6.346045,298.3146376
144.88277,31.99446294,23.17416191,9.515301704,2.623,9.236482832,450.5,6.346045,298.3146376
157.043576,31.90887776,23.17416191,9.437405586,2.6,9.236482832,450.5,6.346053,298.3146376
157.043576,31.86913212,23.17416191,9.437405586,2.589,9.236482832,450.5,6.346053,298.3146376
105.097787,31.77697424,23.17416191,9.354358673,2.585,9.236482832,450.5,6.346091,298.3146376
105.097787,31.71839871,23.16343498,9.354358673,2.616,9.236482832,450.5,6.346091,295.753244
165.038728,31.62279071,23.16343498,9.279037476,2.656,9.236482832,450.5,6.346138,295.753244
165.038728,31.58744188,23.16343498,9.279037476,2.63,9.236482832,447.2,6.346138,295.753244
180.663106,31.52300041,23.16343498,9.235261917,2.644,9.236482832,447.2,6.346139,295.753244
180.663106,31.46111024,23.16343498,9.235261917,2.523,9.236482832,447.2,6.346139,295.753244
181.77582,31.41721906,23.18488884,9.183759689,2.556,9.236482832,447.2,6.34625,295.753244
181.77582,31.36445471,23.18488884,9.183759689,2.719,9.24438951,447.2,6.34625,295.753244
160.231443,31.29014776,23.18488884,9.152215004,2.695,9.24438951,447.2,6.34634,295.753244
160.231443,31.24205106,23.18488884,9.152215004,2.734,9.24438951,447.2,6.34634,295.753244
127.147789,31.18084212,23.18488884,9.141914368,2.521,9.24438951,447.2,6.346393,295.753244
127.147789,31.10698853,23.19561577,9.141914368,2.5,9.24438951,447.2,6.346393,295.753244
194.594271,31.03812871,23.19561577,9.135477066,2.685,9.24438951,447.2,6.346459,288.1492633
194.594271,30.963184,23.19561577,9.135477066,2.667,9.24438951,447.2,6.346459,288.1492633
147.698471,30.88834706,23.19561577,9.103288651,2.667,9.24438951,447.2,6.346522,288.1492633
147.698471,30.81248741,23.19561577,9.103288651,2.667,9.24438951,447.2,6.346522,288.1492633
106.743008,30.73075412,23.217062,9.105863571,2.667,9.24438951,444.2,6.346599,288.1492633
106.743008,30.66463994,23.217062,9.105863571,2.667,9.24438951,444.2,6.346599,288.1492633
181.275915,30.58957288,23.217062,9.082043648,2.809,9.24438951,444.2,6.346677,288.1492633
181.275915,30.54189771,23.217062,9.082043648,2.768,9.24438951,444.2,6.346677,288.1492633
159.400074,30.46898741,23.217062,9.080112457,2.722,9.24438951,444.2,6.346705,288.1492633
159.400074,30.39615547,23.20633507,9.080112457,2.765,9.24438951,444.2,6.346705,288.1492633
178.168496,30.33446941,23.20633507,9.06788063,2.661,9.252790356,444.2,6.34675,288.1492633
178.168496,30.25690912,23.20633507,9.06788063,2.73,9.252790356,444.2,6.34675,286.6655598
173.975702,30.18482871,23.20633507,9.069168091,2.519,9.252790356,444.2,6.346842,286.6655598
173.975702,30.13491553,23.20633507,9.069168091,2.591,9.252790356,444.2,6.346842,286.6655598
145.974719,30.06120024,23.22778893,9.053073883,2.612,9.252790356,444.2,6.346931,286.6655598
145.974719,30.01868124,23.22778893,9.053073883,2.531,9.252790356,444.2,6.346931,286.6655598
100.237961,29.96444388,23.22778893,9.060799599,2.705,9.252790356,444.2,6.346956,286.6655598
100.237961,29.92165853,23.22778893,9.060799599,2.637,9.252790356,441.1,6.346956,286.6655598
151.834427,29.84835671,23.22778893,9.0427742,2.667,9.252790356,441.1,6.34696,286.6655598
151.834427,29.76087388,23.24923515,9.0427742,2.601,9.252790356,441.1,6.34696,286.6655598
188.496838,29.72273159,23.24923515,9.055648804,2.655,9.252790356,441.1,6.347023,286.6655598
188.496838,29.69224953,23.24923515,9.055648804,2.678,9.252790356,441.1,6.347023,286.6655598
174.976772,29.64569082,23.24923515,9.036335945,2.683,9.252790356,441.1,6.347077,284.6806051
174.976772,29.55270894,23.24923515,9.036335945,2.77,9.252790356,441.1,6.347077,284.6806051
131.714027,29.492944,23.23851585,9.047924042,2.695,9.252790356,441.1,6.347245,284.6806051
131.714027,29.44983659,23.23851585,9.047924042,2.626,9.24438951,441.1,6.347245,284.6806051
100.860199,29.40621212,23.23851585,9.033117294,2.7,9.24438951,441.1,6.347395,284.6806051
100.860199,29.30863988,23.23851585,9.033117294,2.712,9.24438951,441.1,6.347395,284.6806051
156.964786,29.26968859,23.23851585,9.049855232,2.6,9.24438951,441.1,6.347419,284.6806051
156.964786,29.20923182,23.27068901,9.049855232,2.719,9.24438951,441.1,6.347419,284.6806051
166.733656,29.14646812,23.27068901,9.045992851,2.678,9.24438951,434.8,6.347456,284.6806051
166.733656,29.10899782,23.27068901,9.045992851,2.6,9.24438951,434.8,6.347456,284.6806051
134.116587,28.98794188,23.27068901,9.050498962,2.565,9.24438951,434.8,6.347823,284.6806051
134.116587,28.92490871,23.27068901,9.050498962,2.688,9.24438951,434.8,6.347823,283.7733404
113.181699,28.86498288,23.28141594,9.040842056,2.661,9.24438951,434.8,6.347928,283.7733404
113.181699,28.81423559,23.28141594,9.040842056,2.615,9.24438951,434.8,6.347928,283.7733404
115.109778,28.75507571,23.28141594,9.055006027,2.637,9.24438951,434.8,6.348221,283.7733404
115.109778,28.67582029,23.28141594,9.055006027,2.655,9.24438951,434.8,6.348221,283.7733404
97.982231,28.63578847,23.28141594,9.044705391,2.691,9.24438951,434.8,6.348397,283.7733404
97.982231,28.57559388,23.30286217,9.044705391,2.667,9.24438951,434.8,6.348397,283.7733404
155.310393,28.55311088,23.30286217,9.056937218,2.7,9.24438951,434.8,6.348438,283.7733404
155.310393,28.48288176,23.30286217,9.056937218,2.612,9.228081986,434.8,6.348438,283.7733404
92.103389,28.43191212,23.30286217,9.044061661,2.623,9.228081986,434.8,6.34845,283.7733404
92.103389,28.38317924,23.30286217,9.044061661,2.77,9.228081986,425.3,6.34845,283.7733404
153.506165,28.33172076,23.29213524,9.057580948,2.749,9.228081986,425.3,6.348512,282.780863
153.506165,28.28619353,23.29213524,9.057580948,2.788,9.228081986,425.3,6.348512,282.780863
161.121295,28.18330829,23.29213524,9.049211502,2.601,9.228081986,425.3,6.348513,282.780863
161.121295,28.15913941,23.29213524,9.049211502,2.645,9.228081986,425.3,6.348513,282.780863
191.493106,28.10715688,23.29213524,9.060155869,2.588,9.228081986,425.3,6.348514,282.780863
191.493106,28.01864429,23.3135891,9.060155869,2.73,9.228081986,425.3,6.348514,282.780863
163.955787,27.94773971,23.3135891,9.062087059,2.667,9.228081986,425.3,6.348517,282.780863
163.955787,27.86358865,23.3135891,9.062087059,2.667,9.228081986,425.3,6.348517,282.780863
183.163113,27.82210788,23.3135891,9.067237854,2.544,9.228081986,425.3,6.34853,282.780863
183.163113,27.76763482,23.3135891,9.067237854,2.851,9.228081986,425.3,6.34853,282.780863
192.823272,27.73040229,23.32431602,9.056293488,2.87,9.228081986,425.3,6.348552,282.780863
192.823272,27.65648747,23.32431602,9.056293488,2.873,9.228081986,425.3,6.348552,281.9537985
175.715956,27.60599912,23.32431602,9.062730789,2.889,9.228081986,416,6.348901,281.9537985
175.715956,27.56425694,23.32431602,9.062730789,2.571,9.228081986,416,6.348901,281.9537985
129.125626,27.50567788,23.32431602,9.073675156,2.597,9.228081986,416,6.349234,281.9537985
129.125626,27.43560712,23.33503532,9.073675156,2.595,9.228081986,416,6.349234,281.9537985
167.718995,27.38036641,23.33503532,9.063375473,2.515,9.228081986,416,6.349785,281.9537985
167.718995,27.31681053,23.33503532,9.063375473,2.967,9.228081986,416,6.349785,281.9537985
159.442361,27.28148853,23.33503532,9.070456505,2.803,9.228081986,416,6.350342,281.9537985
159.442361,27.21889324,23.33503532,9.070456505,2.916,9.228081986,416,6.350342,281.9537985
194.342279,27.17295224,23.34576225,9.074318886,2.66,9.228081986,416,6.350865,281.9537985
194.342279,27.12563688,23.34576225,9.074318886,2.972,9.228081986,416,6.350865,281.9537985
183.600194,27.08848459,23.34576225,9.090413094,2.971,9.228081986,416,6.351321,280.9613212
183.600194,27.00932894,23.34576225,9.090413094,2.685,9.228081986,416,6.351321,280.9613212
107.993071,26.95812476,23.34576225,9.110370636,2.559,9.228081986,416,6.351698,280.9613212
107.993071,26.87672788,23.35648918,9.110370636,2.988,9.228081986,409.7,6.351698,280.9613212
108.637725,26.82844359,23.35648918,9.09942627,2.555,9.228081986,409.7,6.35197,280.9613212
108.637725,26.779813,23.35648918,9.09942627,2.623,9.228081986,409.7,6.35197,280.9613212
140.586254,26.72723071,23.35648918,9.115520477,2.504,9.220175308,409.7,6.352309,280.9613212
140.586254,26.66053776,23.35648918,9.115520477,2.673,9.220175308,409.7,6.352309,280.9613212
157.968952,26.59692582,23.37793541,9.105219841,2.605,9.220175308,409.7,6.352736,280.9613212
157.968952,26.53967694,23.37793541,9.105219841,2.741,9.220175308,409.7,6.352736,280.9613212
176.123551,26.48114753,23.37793541,9.119382858,2.7,9.220175308,409.7,6.35335,280.9613212
176.123551,26.42865576,23.37793541,9.119382858,2.737,9.220175308,409.7,6.35335,280.0540565
149.200369,26.37329406,23.37793541,9.109083176,2.644,9.220175308,409.7,6.353602,280.0540565
149.200369,26.32942976,23.36721611,9.109083176,2.71,9.220175308,409.7,6.353602,280.0540565
139.611298,26.28124618,23.36721611,9.111658096,2.749,9.220175308,409.7,6.353854,280.0540565
139.611298,26.21261494,23.36721611,9.111658096,2.727,9.220175308,409.7,6.353854,280.0540565
154.067567,26.15289024,23.36721611,9.111013412,2.819,9.220175308,419,6.354362,280.0540565
154.067567,26.11541694,23.36721611,9.111013412,2.73,9.220175308,419,6.354362,280.0540565
123.626224,26.06404635,21.85497856,9.112945557,2.685,9.220175308,419,6.354857,280.0540565
123.626224,26.01387312,21.85497856,9.112945557,2.77,9.220175308,419,6.354857,280.0540565
156.466239,25.96638006,21.85497856,9.140626907,2.788,9.220175308,419,6.355144,280.0540565
156.466239,25.92078165,21.85497856,9.140626907,2.666,9.220175308,419,6.355144,280.0540565
94.79236,25.87727959,21.85497856,9.139339447,2.786,9.220175308,419,6.355678,278.4851403
94.79236,25.81779765,21.86569786,9.139339447,2.726,9.220175308,419,6.355678,278.4851403
110.369409,25.77156129,21.86569786,9.156078339,2.632,9.220175308,419,6.356289,278.4851403
110.369409,25.73335159,21.86569786,9.156078339,2.604,9.220175308,419,6.356289,278.4851403
110.030612,25.68243418,21.86569786,9.147708893,2.707,9.220175308,419,6.356527,278.4851403
110.030612,25.61137847,21.86569786,9.147708893,2.7,9.220175308,419,6.356527,278.4851403
101.715648,25.55930312,21.88715172,9.16122818,2.673,9.220175308,419,6.356714,278.4851403
101.715648,25.51127665,21.88715172,9.16122818,2.678,9.220175308,422.3,6.356714,278.4851403
175.114549,25.47560112,21.88715172,9.15994072,2.69,9.220175308,422.3,6.357153,278.4851403
175.114549,25.44897971,21.88715172,9.15994072,2.745,9.220175308,422.3,6.357153,278.4851403
135.70458,25.38158418,21.88715172,9.158652306,2.71,9.220175308,422.3,6.357539,278.4851403
135.70458,25.31866006,21.87642479,9.158652306,2.741,9.220175308,422.3,6.357539,277.4926629
130.682893,25.23855035,21.87642479,9.186979294,2.7,9.220175308,422.3,6.358134,277.4926629
130.682893,25.19087765,21.87642479,9.186979294,2.712,9.220175308,422.3,6.358134,277.4926629
153.274475,25.15560394,21.87642479,9.202428818,2.819,9.220175308,422.3,6.358476,277.4926629
153.274475,25.07440694,21.87642479,9.202428818,2.786,9.212268629,422.3,6.358476,277.4926629
156.310422,24.98338888,21.90859795,9.197278976,2.823,9.212268629,422.3,6.35873,277.4926629
156.310422,24.93577729,21.90859795,9.197278976,2.678,9.212268629,422.3,6.35873,277.4926629
190.484555,24.87188282,21.90859795,9.211441994,2.705,9.212268629,422.3,6.359124,277.4926629
190.484555,24.78464529,21.90859795,9.211441994,2.626,9.212268629,422.3,6.359124,277.4926629
194.722011,24.73495135,21.90859795,9.223672867,2.788,9.212268629,412.7,6.359576,277.4926629
194.722011,24.63850859,21.89787865,9.223672867,2.898,9.212268629,412.7,6.359576,277.4926629
192.155163,24.60483624,21.89787865,9.222385406,2.932,9.212268629,412.7,6.360046,276.1693597
192.155163,24.54844876,21.89787865,9.222385406,2.666,9.212268629,412.7,6.360046,276.1693597
139.157886,24.49589265,21.89787865,9.24813652,2.977,9.212268629,412.7,6.839405,276.1693597
139.157886,24.43447006,21.89787865,9.24813652,2.542,9.212268629,412.7,6.839405,276.1693597
115.119049,24.36283729,21.91932487,9.251998901,2.937,9.212268629,412.7,6.839479,276.1693597
115.119049,24.27012212,21.91932487,9.251998901,2.597,9.212268629,412.7,6.839479,276.1693597
110.79286,24.20772559,21.91932487,9.24491787,2.572,9.212268629,412.7,6.839677,276.1693597
110.79286,24.12061365,21.91932487,9.24491787,2.867,9.212268629,412.7,6.839677,276.1693597
123.855611,24.07800929,21.91932487,9.28225708,2.513,9.212268629,412.7,6.839703,276.1693597
123.855611,24.01930935,21.9300518,9.28225708,3.333,9.212268629,412.7,6.839703,276.1693597
192.220224,23.94410782,21.9300518,9.292556763,3.333,9.212268629,412.7,6.840066,276.1693597
192.220224,23.91306882,21.9300518,9.292556763,3.333,9.212268629,406.4,6.840066,275.5077081
143.551552,23.84761906,21.9300518,9.286762238,3,9.212268629,406.4,6.840444,275.5077081
143.551552,23.77586835,21.9300518,9.286762238,3,9.212268629,406.4,6.840444,275.5077081
144.93622,23.73720106,21.94077873,9.314445496,3,9.212268629,406.4,6.840742,275.5077081
144.93622,23.68540153,21.94077873,9.314445496,3.333,9.212268629,406.4,6.840742,275.5077081
95.162405,23.60867706,21.94077873,9.327320099,3,9.212268629,406.4,6.84093,275.5077081
95.162405,23.55709418,21.94077873,9.327320099,3,9.212268629,406.4,6.84093,275.5077081
189.535628,23.50384582,21.94077873,9.324745178,3.333,9.212268629,406.4,6.841738,275.5077081
189.535628,23.43904953,21.95149803,9.324745178,3.333,9.212268629,406.4,6.841738,275.5077081
135.924772,23.357864,21.95149803,9.337620735,3.333,9.212268629,406.4,6.841825,275.5077081
135.924772,23.31200176,21.95149803,9.337620735,3.333,9.212268629,406.4,6.841825,275.5077081
182.510442,23.28341329,21.95149803,9.348565102,3,9.212268629,406.4,6.842612,275.0114695
182.510442,23.25184912,21.95149803,9.348565102,3.333,9.212268629,406.4,6.842612,275.0114695
